edad,fami_estratovivienda,fami_educacionmadre,fami_educacionpadre,fami_personashogar,fami_cuartoshogar,estu_genero,fami_tieneinternet,fami_tienecomputador,fami_tieneautomovil,fami_tienelavadora,cole_naturaleza,cole_jornada,cole_area_ubicacion,cole_bilingue,cole_caracter,cole_genero,cole_sede_principal,cole_valle_aburra,alto_desempeno,punt_global
15.0,Estrato 2,Primaria completa,Primaria incompleta,5 a 6,Tres,M,No,No,No,No,OFICIAL,COMPLETA,RURAL,,NO APLICA,MIXTO,N,No,0,198
17.0,Estrato 1,Primaria incompleta,,9 o más,Tres,F,No,No,No,Si,OFICIAL,MAÑANA,URBANO,N,ACADÉMICO,MIXTO,S,No,0,177
17.0,Estrato 1,Primaria completa,Primaria completa,5 a 6,Dos,F,No,No,No,No,OFICIAL,COMPLETA,RURAL,,NO APLICA,MIXTO,N,No,0,180
19.0,,,,3 a 4,Dos,M,,Si,No,No,OFICIAL,UNICA,URBANO,N,TÉCNICO/ACADÉMICO,MIXTO,S,No,0,243
18.0,Estrato 1,Secundaria (Bachillerato) completa,Secundaria (Bachillerato) completa,5 a 6,Dos,F,Si,No,No,Si,NO OFICIAL,SABATINA,URBANO,N,TÉCNICO/ACADÉMICO,MIXTO,S,Sí,0,238
17.0,Estrato 3,Primaria incompleta,Secundaria (Bachillerato) incompleta,3 a 4,Tres,M,Si,No,No,No,OFICIAL,COMPLETA,URBANO,N,ACADÉMICO,MIXTO,S,No,0,221
26.0,Estrato 2,Ninguno,Ninguno,5 a 6,Tres,F,,,,,OFICIAL,MAÑANA,RURAL,,TÉCNICO/ACADÉMICO,MIXTO,S,No,0,154
18.0,Estrato 2,Secundaria (Bachillerato) completa,Secundaria (Bachillerato) completa,3 a 4,Dos,M,Si,Si,No,Si,OFICIAL,MAÑANA,URBANO,N,ACADÉMICO,MIXTO,S,Sí,1,323
17.0,Estrato 2,Secundaria (Bachillerato) completa,Secundaria (Bachillerato) completa,3 a 4,Dos,M,Si,Si,No,Si,NO OFICIAL,COMPLETA,RURAL,N,ACADÉMICO,MIXTO,S,No,1,346
16.0,,,,3 a 4,Dos,F,,Si,No,No,OFICIAL,UNICA,URBANO,,ACADÉMICO,MIXTO,S,Sí,0,267
16.0,Sin Estrato,Técnica o tecnológica completa,Técnica o tecnológica incompleta,5 a 6,Tres,F,Si,No,No,Si,OFICIAL,SABATINA,URBANO,N,TÉCNICO,MIXTO,S,Sí,0,190
16.0,Estrato 2,Técnica o tecnológica incompleta,Técnica o tecnológica completa,3 a 4,Dos,F,Si,Si,No,Si,OFICIAL,UNICA,URBANO,N,TÉCNICO/ACADÉMICO,FEMENINO,S,Sí,0,233
19.0,,Ninguno,Ninguno,5 a 6,Dos,M,No,Si,No,No,OFICIAL,COMPLETA,RURAL,N,ACADÉMICO,MIXTO,S,No,0,269
18.0,Estrato 1,Secundaria (Bachillerato) completa,Educación profesional completa,1 a 2,Dos,M,No,Si,No,Si,OFICIAL,NOCHE,URBANO,N,ACADÉMICO,MIXTO,S,Sí,0,235
16.0,Estrato 2,Técnica o tecnológica completa,Secundaria (Bachillerato) completa,5 a 6,Cuatro,F,Si,Si,Si,Si,OFICIAL,TARDE,URBANO,N,ACADÉMICO,MIXTO,S,Sí,0,192
19.0,Estrato 2,Secundaria (Bachillerato) completa,Primaria incompleta,3 a 4,Dos,F,No,No,No,No,OFICIAL,MAÑANA,URBANO,N,ACADÉMICO,MIXTO,S,Sí,0,225
16.0,Estrato 4,Educación profesional completa,Secundaria (Bachillerato) completa,5 a 6,Cuatro,F,Si,Si,Si,Si,NO OFICIAL,COMPLETA,URBANO,N,ACADÉMICO,MIXTO,S,No,0,257
16.0,Estrato 2,Ninguno,Secundaria (Bachillerato) incompleta,3 a 4,Dos,M,Si,Si,No,Si,OFICIAL,MAÑANA,URBANO,N,TÉCNICO/ACADÉMICO,MIXTO,S,Sí,0,243
18.0,Estrato 2,Secundaria (Bachillerato) completa,Primaria completa,3 a 4,Tres,M,Si,No,Si,No,OFICIAL,MAÑANA,RURAL,N,ACADÉMICO,MIXTO,S,No,0,187
16.0,Estrato 1,Secundaria (Bachillerato) completa,Secundaria (Bachillerato) completa,3 a 4,Dos,F,No,Si,No,Si,OFICIAL,MAÑANA,RURAL,N,ACADÉMICO,MIXTO,S,No,1,350
17.0,Estrato 1,Primaria incompleta,Secundaria (Bachillerato) incompleta,5 a 6,Tres,F,Si,Si,No,Si,OFICIAL,TARDE,RURAL,N,TÉCNICO/ACADÉMICO,MIXTO,S,No,0,271
16.0,Estrato 2,Secundaria (Bachillerato) incompleta,Primaria completa,5 a 6,Tres,F,Si,Si,No,No,OFICIAL,MAÑANA,URBANO,N,TÉCNICO/ACADÉMICO,MIXTO,S,No,0,225
16.0,Estrato 2,Técnica o tecnológica completa,Secundaria (Bachillerato) completa,3 a 4,Dos,M,Si,Si,No,Si,OFICIAL,TARDE,URBANO,N,TÉCNICO/ACADÉMICO,MIXTO,S,Sí,0,268
15.0,Estrato 2,Secundaria (Bachillerato) incompleta,Primaria completa,3 a 4,Tres,F,No,Si,Si,Si,OFICIAL,TARDE,URBANO,N,TÉCNICO/ACADÉMICO,MIXTO,S,No,0,200
,Estrato 1,Primaria incompleta,Primaria completa,3 a 4,Dos,F,Si,No,No,Si,OFICIAL,SABATINA,URBANO,N,ACADÉMICO,MIXTO,S,No,0,197
16.0,Estrato 2,Técnica o tecnológica completa,Secundaria (Bachillerato) completa,3 a 4,Tres,F,Si,Si,No,Si,OFICIAL,UNICA,URBANO,N,ACADÉMICO,MIXTO,S,Sí,0,232
17.0,Estrato 2,Secundaria (Bachillerato) completa,Secundaria (Bachillerato) incompleta,3 a 4,Cuatro,M,Si,Si,No,Si,OFICIAL,SABATINA,URBANO,,ACADÉMICO,MIXTO,S,Sí,0,241
17.0,Estrato 1,Secundaria (Bachillerato) incompleta,Secundaria (Bachillerato) incompleta,5 a 6,Dos,F,No,No,No,No,OFICIAL,MAÑANA,URBANO,N,ACADÉMICO,MIXTO,N,No,0,225
17.0,Estrato 2,Secundaria (Bachillerato) completa,Ninguno,3 a 4,Tres,F,Si,Si,No,Si,OFICIAL,MAÑANA,URBANO,N,TÉCNICO,MIXTO,S,Sí,0,280
16.0,Estrato 2,Educación profesional completa,Secundaria (Bachillerato) completa,7 a 8,Cuatro,M,Si,Si,Si,Si,NO OFICIAL,COMPLETA,URBANO,N,ACADÉMICO,MIXTO,S,Sí,1,347
16.0,Estrato 1,,Secundaria (Bachillerato) incompleta,7 a 8,Cuatro,M,Si,No,No,Si,OFICIAL,SABATINA,URBANO,N,ACADÉMICO,MIXTO,S,No,0,226
16.0,Estrato 3,Educación profesional completa,Educación profesional completa,1 a 2,Dos,F,Si,Si,Si,Si,NO OFICIAL,COMPLETA,URBANO,N,ACADÉMICO,FEMENINO,S,Sí,1,306
17.0,,,,1 a 2,Dos,F,,Si,No,Si,OFICIAL,UNICA,URBANO,N,TÉCNICO,MIXTO,S,Sí,1,320
30.0,,,,5 a 6,Dos,F,,No,No,No,OFICIAL,SABATINA,URBANO,N,TÉCNICO/ACADÉMICO,MIXTO,S,No,0,187
16.0,Estrato 2,Secundaria (Bachillerato) completa,Secundaria (Bachillerato) completa,5 a 6,Seis o mas,M,Si,Si,No,Si,OFICIAL,UNICA,URBANO,N,TÉCNICO/ACADÉMICO,MIXTO,S,Sí,0,215
17.0,Estrato 1,Primaria incompleta,Primaria incompleta,1 a 2,Uno,F,No,No,No,Si,OFICIAL,SABATINA,RURAL,N,TÉCNICO/ACADÉMICO,MIXTO,S,No,0,221
18.0,Estrato 2,Secundaria (Bachillerato) completa,Secundaria (Bachillerato) incompleta,3 a 4,Tres,F,Si,Si,No,Si,OFICIAL,UNICA,URBANO,N,TÉCNICO/ACADÉMICO,MIXTO,S,Sí,0,192
18.0,Estrato 2,Primaria completa,Primaria incompleta,5 a 6,,M,Si,No,No,No,OFICIAL,UNICA,URBANO,N,TÉCNICO/ACADÉMICO,MIXTO,S,No,0,248
18.0,Estrato 2,Educación profesional completa,,3 a 4,Tres,F,Si,No,No,Si,OFICIAL,COMPLETA,RURAL,N,ACADÉMICO,MIXTO,S,No,0,227
15.0,Estrato 3,Secundaria (Bachillerato) completa,Primaria completa,3 a 4,Dos,F,Si,No,Si,Si,OFICIAL,UNICA,URBANO,N,TÉCNICO/ACADÉMICO,MIXTO,S,Sí,0,296
16.0,Estrato 3,Educación profesional incompleta,Técnica o tecnológica completa,3 a 4,Dos,F,Si,Si,Si,Si,OFICIAL,MAÑANA,URBANO,N,ACADÉMICO,FEMENINO,S,Sí,0,253
18.0,,,,,,F,,,,,NO OFICIAL,SABATINA,URBANO,N,TÉCNICO/ACADÉMICO,MIXTO,S,Sí,0,184
16.0,Estrato 2,Técnica o tecnológica completa,Secundaria (Bachillerato) completa,3 a 4,Dos,F,Si,Si,No,Si,NO OFICIAL,COMPLETA,URBANO,N,ACADÉMICO,MIXTO,S,Sí,0,287
16.0,Estrato 1,Secundaria (Bachillerato) completa,Secundaria (Bachillerato) completa,3 a 4,Dos,M,No,No,No,Si,OFICIAL,UNICA,URBANO,N,TÉCNICO/ACADÉMICO,MIXTO,S,Sí,0,215
20.0,Estrato 1,Primaria incompleta,Secundaria (Bachillerato) completa,,,F,No,,,,NO OFICIAL,TARDE,URBANO,N,TÉCNICO/ACADÉMICO,MIXTO,S,Sí,0,220
17.0,Estrato 2,Secundaria (Bachillerato) completa,Técnica o tecnológica completa,3 a 4,Dos,M,Si,Si,No,Si,OFICIAL,UNICA,URBANO,N,TÉCNICO/ACADÉMICO,MIXTO,S,Sí,0,299
16.0,Estrato 5,Postgrado,Técnica o tecnológica completa,3 a 4,Tres,F,Si,Si,Si,Si,NO OFICIAL,COMPLETA,URBANO,N,ACADÉMICO,FEMENINO,S,Sí,1,317
16.0,Estrato 1,Educación profesional completa,Primaria incompleta,1 a 2,Cuatro,F,No,No,No,Si,OFICIAL,COMPLETA,URBANO,N,TÉCNICO/ACADÉMICO,MIXTO,S,No,0,249
17.0,Estrato 2,Técnica o tecnológica completa,Primaria incompleta,5 a 6,Tres,F,Si,Si,Si,Si,OFICIAL,UNICA,URBANO,N,TÉCNICO/ACADÉMICO,MIXTO,S,Sí,0,268
17.0,Estrato 3,Secundaria (Bachillerato) completa,Primaria completa,3 a 4,Tres,M,No,,,,OFICIAL,NOCHE,URBANO,N,TÉCNICO/ACADÉMICO,MIXTO,S,No,0,187
18.0,Estrato 2,Primaria incompleta,Primaria incompleta,5 a 6,Dos,M,No,No,No,No,OFICIAL,TARDE,RURAL,,ACADÉMICO,MIXTO,S,No,0,237
16.0,Estrato 3,Secundaria (Bachillerato) completa,Primaria incompleta,5 a 6,Cuatro,F,Si,Si,Si,Si,OFICIAL,COMPLETA,URBANO,N,ACADÉMICO,MIXTO,S,No,1,301
16.0,Estrato 3,Técnica o tecnológica completa,Secundaria (Bachillerato) completa,3 a 4,Uno,M,Si,Si,No,Si,OFICIAL,UNICA,URBANO,N,TÉCNICO/ACADÉMICO,MIXTO,S,Sí,0,285
16.0,Estrato 3,Educación profesional completa,Secundaria (Bachillerato) completa,1 a 2,Dos,M,Si,Si,No,No,OFICIAL,UNICA,URBANO,,TÉCNICO/ACADÉMICO,MIXTO,S,Sí,0,174
16.0,Estrato 3,,,1 a 2,Dos,M,Si,Si,No,Si,OFICIAL,MAÑANA,URBANO,,ACADÉMICO,MIXTO,S,Sí,1,367
18.0,Estrato 1,Secundaria (Bachillerato) completa,Primaria completa,3 a 4,Dos,F,Si,Si,No,Si,OFICIAL,UNICA,URBANO,N,ACADÉMICO,MIXTO,S,Sí,0,208
16.0,Estrato 2,Secundaria (Bachillerato) completa,Secundaria (Bachillerato) completa,1 a 2,Dos,M,Si,Si,No,Si,OFICIAL,MAÑANA,URBANO,N,TÉCNICO/ACADÉMICO,MIXTO,S,Sí,0,212
17.0,Estrato 2,Primaria incompleta,Primaria completa,1 a 2,Dos,F,No,No,No,No,OFICIAL,COMPLETA,RURAL,N,ACADÉMICO,MIXTO,S,No,0,214
18.0,Estrato 1,Técnica o tecnológica incompleta,Postgrado,3 a 4,Uno,F,Si,No,No,Si,OFICIAL,UNICA,RURAL,N,ACADÉMICO,MIXTO,S,No,0,230
16.0,Estrato 2,Secundaria (Bachillerato) completa,Secundaria (Bachillerato) incompleta,,,M,Si,,,,OFICIAL,UNICA,URBANO,N,ACADÉMICO,MIXTO,S,Sí,1,300
17.0,Estrato 2,Secundaria (Bachillerato) completa,Primaria incompleta,3 a 4,Dos,F,Si,Si,No,Si,OFICIAL,MAÑANA,URBANO,,ACADÉMICO,MIXTO,S,No,0,294
18.0,Estrato 2,Educación profesional incompleta,Secundaria (Bachillerato) completa,5 a 6,Dos,M,Si,Si,Si,Si,NO OFICIAL,COMPLETA,URBANO,N,TÉCNICO,MIXTO,S,Sí,0,283
16.0,Estrato 2,Secundaria (Bachillerato) completa,Educación profesional completa,1 a 2,Dos,F,Si,Si,No,Si,OFICIAL,MAÑANA,URBANO,N,TÉCNICO/ACADÉMICO,MIXTO,S,Sí,0,224
16.0,Estrato 3,Secundaria (Bachillerato) incompleta,Secundaria (Bachillerato) incompleta,3 a 4,Tres,M,No,No,No,Si,OFICIAL,UNICA,URBANO,,,MIXTO,S,Sí,0,178
16.0,Estrato 2,Técnica o tecnológica completa,Secundaria (Bachillerato) completa,5 a 6,Tres,F,Si,Si,Si,Si,OFICIAL,MAÑANA,URBANO,N,ACADÉMICO,MIXTO,S,No,1,324
17.0,Estrato 3,Educación profesional completa,Secundaria (Bachillerato) incompleta,3 a 4,Tres,M,Si,Si,Si,Si,NO OFICIAL,COMPLETA,RURAL,N,ACADÉMICO,MIXTO,S,No,0,274
18.0,Estrato 3,Técnica o tecnológica completa,Secundaria (Bachillerato) completa,5 a 6,Cuatro,F,Si,Si,Si,Si,NO OFICIAL,TARDE,URBANO,,ACADÉMICO,MIXTO,S,No,0,209
18.0,Estrato 3,Secundaria (Bachillerato) incompleta,,1 a 2,Uno,M,Si,Si,No,No,OFICIAL,NOCHE,URBANO,N,TÉCNICO,MIXTO,S,Sí,0,165
23.0,Estrato 1,Secundaria (Bachillerato) incompleta,Secundaria (Bachillerato) completa,3 a 4,Dos,M,Si,No,No,Si,OFICIAL,SABATINA,URBANO,N,ACADÉMICO,MIXTO,S,No,0,230
16.0,Estrato 2,Técnica o tecnológica incompleta,Secundaria (Bachillerato) incompleta,3 a 4,Dos,F,Si,Si,No,Si,OFICIAL,COMPLETA,URBANO,N,ACADÉMICO,MIXTO,S,No,0,250
17.0,Sin Estrato,Primaria incompleta,Primaria incompleta,3 a 4,Uno,M,No,No,No,Si,OFICIAL,COMPLETA,RURAL,,NO APLICA,MIXTO,N,No,0,221
16.0,Estrato 5,Educación profesional completa,Educación profesional completa,3 a 4,Tres,F,Si,Si,Si,Si,NO OFICIAL,MAÑANA,URBANO,N,ACADÉMICO,MIXTO,S,Sí,1,354
17.0,Estrato 2,Secundaria (Bachillerato) incompleta,Secundaria (Bachillerato) completa,3 a 4,Dos,M,Si,Si,No,Si,OFICIAL,MAÑANA,URBANO,N,ACADÉMICO,MIXTO,S,No,0,257
16.0,Estrato 2,Técnica o tecnológica completa,Educación profesional completa,3 a 4,Dos,F,Si,Si,No,Si,OFICIAL,MAÑANA,URBANO,N,ACADÉMICO,MIXTO,S,No,0,288
17.0,Estrato 3,Primaria completa,,1 a 2,Dos,M,Si,No,No,Si,OFICIAL,COMPLETA,RURAL,N,ACADÉMICO,MIXTO,S,No,1,304
17.0,,,,1 a 2,Dos,F,,No,No,Si,OFICIAL,COMPLETA,RURAL,N,TÉCNICO/ACADÉMICO,MIXTO,S,No,0,290
18.0,Estrato 1,Secundaria (Bachillerato) completa,Secundaria (Bachillerato) completa,5 a 6,Cuatro,M,Si,No,No,No,OFICIAL,MAÑANA,RURAL,N,ACADÉMICO,MIXTO,S,No,0,183
19.0,Estrato 3,Secundaria (Bachillerato) completa,,1 a 2,Dos,M,Si,Si,Si,Si,NO OFICIAL,MAÑANA,URBANO,,,MIXTO,S,Sí,0,232
17.0,Estrato 3,Técnica o tecnológica incompleta,Secundaria (Bachillerato) incompleta,3 a 4,Tres,M,Si,Si,No,Si,OFICIAL,UNICA,URBANO,N,ACADÉMICO,MIXTO,S,Sí,0,248
19.0,Estrato 2,Secundaria (Bachillerato) completa,,1 a 2,Dos,M,Si,Si,No,Si,NO OFICIAL,SABATINA,URBANO,N,ACADÉMICO,MIXTO,S,Sí,1,323
17.0,Sin Estrato,Educación profesional completa,Secundaria (Bachillerato) incompleta,3 a 4,Dos,M,Si,Si,No,Si,NO OFICIAL,SABATINA,URBANO,N,ACADÉMICO,MIXTO,S,Sí,0,242
16.0,Estrato 2,Secundaria (Bachillerato) completa,Secundaria (Bachillerato) completa,3 a 4,Dos,F,Si,Si,No,Si,OFICIAL,UNICA,URBANO,N,TÉCNICO/ACADÉMICO,MIXTO,S,Sí,0,241
16.0,Estrato 2,Secundaria (Bachillerato) completa,Secundaria (Bachillerato) incompleta,7 a 8,Cuatro,F,No,Si,No,No,OFICIAL,MAÑANA,URBANO,N,ACADÉMICO,MIXTO,S,Sí,0,280
,Estrato 2,Ninguno,Primaria completa,,,F,No,,,,OFICIAL,SABATINA,URBANO,N,TÉCNICO/ACADÉMICO,MIXTO,S,No,0,175
17.0,Estrato 2,Secundaria (Bachillerato) completa,Secundaria (Bachillerato) incompleta,3 a 4,Dos,F,No,No,No,Si,OFICIAL,SABATINA,URBANO,S,ACADÉMICO,MIXTO,S,No,0,185
18.0,Estrato 3,Secundaria (Bachillerato) incompleta,Primaria incompleta,1 a 2,Dos,F,Si,No,No,Si,OFICIAL,UNICA,URBANO,N,TÉCNICO,MIXTO,S,Sí,0,220
17.0,Estrato 3,Secundaria (Bachillerato) completa,Secundaria (Bachillerato) completa,3 a 4,Tres,F,Si,Si,Si,Si,OFICIAL,UNICA,URBANO,N,TÉCNICO/ACADÉMICO,MIXTO,S,Sí,0,236
17.0,Estrato 1,Primaria incompleta,Secundaria (Bachillerato) incompleta,1 a 2,Uno,F,No,No,No,No,NO OFICIAL,SABATINA,URBANO,N,ACADÉMICO,MIXTO,S,Sí,0,247
21.0,Estrato 1,Secundaria (Bachillerato) completa,,3 a 4,Dos,F,Si,Si,No,Si,OFICIAL,UNICA,URBANO,N,TÉCNICO/ACADÉMICO,MIXTO,S,Sí,0,210
17.0,Estrato 3,Técnica o tecnológica completa,Secundaria (Bachillerato) completa,3 a 4,Tres,F,Si,Si,No,Si,OFICIAL,UNICA,URBANO,N,TÉCNICO/ACADÉMICO,MIXTO,S,Sí,1,306
16.0,Estrato 1,Técnica o tecnológica completa,Primaria incompleta,1 a 2,Dos,M,Si,Si,No,Si,OFICIAL,TARDE,URBANO,N,ACADÉMICO,MIXTO,S,No,0,240
16.0,Estrato 2,Secundaria (Bachillerato) incompleta,Primaria incompleta,7 a 8,Cuatro,F,Si,Si,No,Si,OFICIAL,MAÑANA,RURAL,N,ACADÉMICO,MIXTO,S,No,0,245
15.0,Estrato 1,Técnica o tecnológica completa,Secundaria (Bachillerato) completa,3 a 4,Tres,M,Si,No,No,Si,OFICIAL,COMPLETA,URBANO,N,ACADÉMICO,MIXTO,S,No,1,306
17.0,Estrato 3,Educación profesional completa,Secundaria (Bachillerato) completa,3 a 4,Uno,M,Si,Si,No,Si,OFICIAL,UNICA,URBANO,N,TÉCNICO/ACADÉMICO,MIXTO,S,Sí,0,188
16.0,Estrato 2,Secundaria (Bachillerato) completa,Secundaria (Bachillerato) completa,3 a 4,Tres,F,Si,Si,No,Si,OFICIAL,UNICA,URBANO,N,ACADÉMICO,MIXTO,S,Sí,0,232
16.0,Estrato 3,Técnica o tecnológica completa,Secundaria (Bachillerato) incompleta,3 a 4,Tres,M,Si,Si,No,Si,OFICIAL,UNICA,URBANO,,,MIXTO,N,Sí,1,380
16.0,Estrato 1,Técnica o tecnológica completa,Técnica o tecnológica completa,3 a 4,Tres,F,Si,Si,No,Si,OFICIAL,MAÑANA,URBANO,,ACADÉMICO,MIXTO,S,Sí,1,306
16.0,Estrato 1,Secundaria (Bachillerato) incompleta,Secundaria (Bachillerato) incompleta,7 a 8,Cuatro,F,Si,No,No,Si,OFICIAL,SABATINA,URBANO,N,TÉCNICO/ACADÉMICO,MIXTO,S,No,0,188
17.0,Estrato 3,Primaria completa,Secundaria (Bachillerato) completa,3 a 4,Dos,F,Si,Si,No,Si,OFICIAL,MAÑANA,URBANO,N,ACADÉMICO,MIXTO,S,Sí,0,269
17.0,Estrato 4,Educación profesional completa,Educación profesional completa,1 a 2,Uno,M,Si,Si,No,Si,NO OFICIAL,MAÑANA,URBANO,N,ACADÉMICO,MIXTO,S,Sí,1,320
17.0,Estrato 3,Primaria completa,Primaria completa,7 a 8,Cinco,M,No,Si,No,Si,OFICIAL,UNICA,URBANO,N,ACADÉMICO,MIXTO,S,No,0,261
16.0,Estrato 2,Técnica o tecnológica incompleta,Secundaria (Bachillerato) completa,3 a 4,Dos,F,Si,Si,No,Si,OFICIAL,UNICA,URBANO,N,TÉCNICO/ACADÉMICO,MIXTO,S,Sí,0,268
16.0,Estrato 2,Secundaria (Bachillerato) completa,Secundaria (Bachillerato) incompleta,7 a 8,Cuatro,F,Si,Si,No,Si,OFICIAL,UNICA,URBANO,N,ACADÉMICO,MIXTO,S,Sí,0,250
18.0,Estrato 2,Secundaria (Bachillerato) incompleta,,5 a 6,Dos,F,No,No,No,No,OFICIAL,COMPLETA,URBANO,N,TÉCNICO/ACADÉMICO,MIXTO,S,No,0,247
19.0,Estrato 2,Secundaria (Bachillerato) incompleta,Educación profesional incompleta,3 a 4,Dos,M,No,No,No,Si,OFICIAL,NOCHE,URBANO,N,ACADÉMICO,MIXTO,S,Sí,0,189
17.0,Estrato 3,Secundaria (Bachillerato) completa,,3 a 4,Cuatro,F,Si,Si,Si,Si,OFICIAL,MAÑANA,URBANO,N,TÉCNICO/ACADÉMICO,MIXTO,S,Sí,0,210
18.0,,,,3 a 4,Tres,F,,Si,No,Si,OFICIAL,COMPLETA,RURAL,,NO APLICA,MIXTO,N,No,0,226
18.0,Estrato 2,Secundaria (Bachillerato) completa,Secundaria (Bachillerato) completa,3 a 4,Tres,F,Si,Si,Si,Si,OFICIAL,TARDE,URBANO,N,ACADÉMICO,MIXTO,S,Sí,0,255
17.0,,,,3 a 4,Tres,F,,Si,Si,Si,OFICIAL,TARDE,URBANO,N,ACADÉMICO,MIXTO,S,No,0,238
17.0,Estrato 3,Técnica o tecnológica incompleta,,5 a 6,Tres,F,Si,Si,No,Si,OFICIAL,MAÑANA,URBANO,N,TÉCNICO,MIXTO,S,Sí,0,278
18.0,Estrato 3,Secundaria (Bachillerato) completa,Secundaria (Bachillerato) completa,9 o más,Cuatro,F,Si,No,No,Si,NO OFICIAL,SABATINA,URBANO,N,ACADÉMICO,MIXTO,S,Sí,1,350
15.0,Estrato 4,Educación profesional incompleta,,3 a 4,Dos,M,Si,Si,No,Si,OFICIAL,MAÑANA,URBANO,N,ACADÉMICO,MIXTO,S,No,0,186
20.0,Estrato 3,Primaria incompleta,,1 a 2,Cuatro,F,No,No,No,Si,OFICIAL,SABATINA,URBANO,N,ACADÉMICO,MIXTO,S,No,0,159
17.0,Estrato 2,Secundaria (Bachillerato) incompleta,Secundaria (Bachillerato) completa,3 a 4,Dos,F,Si,No,No,Si,OFICIAL,TARDE,URBANO,N,ACADÉMICO,MIXTO,S,No,1,340
17.0,Estrato 3,Educación profesional completa,Primaria incompleta,3 a 4,Tres,M,Si,Si,Si,Si,NO OFICIAL,COMPLETA,URBANO,,ACADÉMICO,MIXTO,S,Sí,0,210
15.0,Estrato 1,Primaria completa,Secundaria (Bachillerato) incompleta,3 a 4,Cuatro,M,Si,Si,No,Si,OFICIAL,COMPLETA,URBANO,N,TÉCNICO/ACADÉMICO,MIXTO,S,No,0,289
16.0,Estrato 2,Primaria incompleta,Primaria completa,5 a 6,Tres,M,Si,Si,No,Si,OFICIAL,UNICA,URBANO,N,TÉCNICO/ACADÉMICO,MIXTO,S,Sí,0,267
17.0,Estrato 2,Secundaria (Bachillerato) incompleta,Secundaria (Bachillerato) completa,3 a 4,Tres,F,Si,Si,No,Si,OFICIAL,MAÑANA,RURAL,N,ACADÉMICO,MIXTO,S,Sí,0,178
17.0,Estrato 4,Secundaria (Bachillerato) completa,Secundaria (Bachillerato) completa,3 a 4,Dos,F,No,No,Si,Si,NO OFICIAL,COMPLETA,RURAL,N,ACADÉMICO,MIXTO,S,No,1,308
17.0,Estrato 2,Primaria incompleta,Primaria completa,9 o más,Seis o mas,M,Si,Si,No,Si,OFICIAL,SABATINA,URBANO,,,MIXTO,S,Sí,0,201
16.0,Estrato 4,Secundaria (Bachillerato) incompleta,,3 a 4,Tres,M,Si,Si,No,Si,NO OFICIAL,MAÑANA,URBANO,N,ACADÉMICO,MIXTO,S,Sí,1,322
16.0,Estrato 3,Educación profesional completa,Técnica o tecnológica incompleta,3 a 4,Tres,M,Si,Si,No,Si,NO OFICIAL,COMPLETA,URBANO,N,ACADÉMICO,MIXTO,S,Sí,1,325
18.0,Estrato 3,Primaria incompleta,Secundaria (Bachillerato) incompleta,3 a 4,Dos,F,No,,No,No,OFICIAL,MAÑANA,URBANO,N,ACADÉMICO,MIXTO,S,Sí,0,299
17.0,Estrato 2,Secundaria (Bachillerato) incompleta,Primaria incompleta,3 a 4,Dos,F,Si,No,No,Si,OFICIAL,TARDE,URBANO,,TÉCNICO/ACADÉMICO,MIXTO,S,No,0,292
18.0,Estrato 3,,,3 a 4,Tres,M,No,No,Si,Si,OFICIAL,NOCHE,URBANO,N,TÉCNICO/ACADÉMICO,MIXTO,S,Sí,0,255
16.0,Estrato 3,Técnica o tecnológica incompleta,Secundaria (Bachillerato) completa,1 a 2,Dos,F,Si,No,No,Si,OFICIAL,UNICA,URBANO,N,TÉCNICO/ACADÉMICO,MIXTO,S,Sí,0,299
16.0,Estrato 1,Secundaria (Bachillerato) completa,,1 a 2,Dos,F,Si,Si,No,Si,OFICIAL,TARDE,URBANO,,TÉCNICO/ACADÉMICO,MIXTO,S,No,1,354
18.0,Estrato 1,Primaria incompleta,Secundaria (Bachillerato) incompleta,3 a 4,Dos,F,No,No,No,Si,OFICIAL,MAÑANA,URBANO,N,ACADÉMICO,MIXTO,S,Sí,0,268
17.0,Estrato 4,Educación profesional completa,Educación profesional completa,3 a 4,Tres,M,Si,Si,No,Si,NO OFICIAL,COMPLETA,RURAL,N,ACADÉMICO,MIXTO,S,Sí,1,379
,Estrato 4,Ninguno,Ninguno,1 a 2,Dos,M,Si,Si,Si,Si,NO OFICIAL,MAÑANA,URBANO,N,ACADÉMICO,MIXTO,S,Sí,0,253
16.0,Estrato 3,Educación profesional incompleta,Secundaria (Bachillerato) incompleta,3 a 4,Tres,M,Si,Si,No,Si,OFICIAL,UNICA,URBANO,N,ACADÉMICO,MIXTO,S,Sí,1,335
16.0,Estrato 3,Secundaria (Bachillerato) incompleta,,7 a 8,Cuatro,M,No,Si,No,Si,OFICIAL,MAÑANA,URBANO,N,TÉCNICO/ACADÉMICO,MIXTO,S,No,0,224
17.0,Estrato 4,Secundaria (Bachillerato) completa,Primaria completa,3 a 4,Tres,F,Si,No,No,Si,OFICIAL,COMPLETA,URBANO,N,TÉCNICO/ACADÉMICO,MIXTO,S,No,0,191
16.0,Estrato 3,Educación profesional completa,,5 a 6,Dos,M,Si,Si,No,Si,OFICIAL,UNICA,URBANO,N,TÉCNICO/ACADÉMICO,MIXTO,S,Sí,0,215
18.0,Estrato 1,Técnica o tecnológica incompleta,Primaria incompleta,3 a 4,Tres,M,Si,Si,No,No,OFICIAL,UNICA,URBANO,N,TÉCNICO/ACADÉMICO,MIXTO,S,Sí,0,199
18.0,Estrato 2,Secundaria (Bachillerato) completa,Secundaria (Bachillerato) completa,,,M,Si,,,,OFICIAL,TARDE,URBANO,N,TÉCNICO/ACADÉMICO,MIXTO,S,Sí,0,228
17.0,Estrato 4,Técnica o tecnológica incompleta,Técnica o tecnológica incompleta,1 a 2,Uno,M,Si,Si,No,Si,NO OFICIAL,MAÑANA,URBANO,N,ACADÉMICO,MIXTO,S,Sí,1,327
16.0,Estrato 1,Técnica o tecnológica completa,,5 a 6,Cuatro,M,Si,Si,No,Si,OFICIAL,UNICA,URBANO,N,TÉCNICO/ACADÉMICO,MIXTO,S,Sí,0,225
19.0,Estrato 2,Secundaria (Bachillerato) incompleta,,3 a 4,Dos,F,No,Si,No,,OFICIAL,UNICA,URBANO,N,TÉCNICO/ACADÉMICO,MIXTO,S,Sí,0,221
17.0,Estrato 2,Secundaria (Bachillerato) completa,Secundaria (Bachillerato) completa,3 a 4,Dos,M,Si,No,No,Si,OFICIAL,NOCHE,URBANO,N,ACADÉMICO,MIXTO,S,Sí,0,233
17.0,,Secundaria (Bachillerato) completa,Secundaria (Bachillerato) incompleta,5 a 6,Dos,F,Si,No,No,No,OFICIAL,MAÑANA,URBANO,N,TÉCNICO/ACADÉMICO,MIXTO,S,Sí,0,173
16.0,Estrato 2,Secundaria (Bachillerato) incompleta,Primaria incompleta,5 a 6,Tres,F,Si,No,Si,Si,OFICIAL,MAÑANA,URBANO,N,TÉCNICO/ACADÉMICO,MIXTO,S,No,0,271
19.0,Estrato 2,Secundaria (Bachillerato) incompleta,Primaria completa,3 a 4,Dos,F,Si,Si,No,Si,NO OFICIAL,SABATINA,URBANO,,,MIXTO,S,Sí,0,260
18.0,Sin Estrato,Ninguno,Ninguno,5 a 6,Uno,F,Si,No,No,Si,OFICIAL,COMPLETA,RURAL,,TÉCNICO/ACADÉMICO,MIXTO,S,No,0,170
17.0,Estrato 5,Postgrado,Secundaria (Bachillerato) completa,1 a 2,Dos,F,Si,Si,No,Si,NO OFICIAL,COMPLETA,URBANO,N,ACADÉMICO,MIXTO,S,Sí,1,344
16.0,Estrato 1,Educación profesional completa,Primaria incompleta,5 a 6,Dos,F,Si,No,No,Si,OFICIAL,UNICA,URBANO,N,ACADÉMICO,MIXTO,S,Sí,0,233
16.0,Estrato 4,Secundaria (Bachillerato) completa,,1 a 2,Cuatro,F,Si,Si,No,Si,OFICIAL,MAÑANA,RURAL,N,TÉCNICO/ACADÉMICO,MIXTO,S,No,0,251
16.0,Estrato 4,Educación profesional completa,Primaria completa,3 a 4,Tres,M,Si,Si,Si,Si,NO OFICIAL,COMPLETA,URBANO,,ACADÉMICO,MIXTO,S,Sí,0,268
16.0,Estrato 2,Secundaria (Bachillerato) completa,Secundaria (Bachillerato) incompleta,5 a 6,Cuatro,F,Si,Si,No,Si,OFICIAL,MAÑANA,URBANO,N,ACADÉMICO,MIXTO,N,No,0,299
16.0,Estrato 1,Secundaria (Bachillerato) completa,Primaria incompleta,5 a 6,Cuatro,M,Si,No,No,No,OFICIAL,MAÑANA,URBANO,N,ACADÉMICO,MIXTO,S,No,0,243
22.0,Estrato 1,Primaria incompleta,Primaria incompleta,7 a 8,Tres,F,Si,No,No,Si,OFICIAL,SABATINA,URBANO,N,TÉCNICO/ACADÉMICO,MIXTO,S,No,0,217
18.0,Estrato 2,Educación profesional completa,Primaria incompleta,3 a 4,Cuatro,F,Si,Si,No,Si,OFICIAL,COMPLETA,URBANO,N,TÉCNICO/ACADÉMICO,MIXTO,S,No,0,228
16.0,Estrato 1,Secundaria (Bachillerato) completa,Secundaria (Bachillerato) incompleta,5 a 6,Tres,F,No,No,No,Si,OFICIAL,MAÑANA,RURAL,N,ACADÉMICO,MIXTO,S,No,0,229
17.0,Estrato 3,Secundaria (Bachillerato) incompleta,Secundaria (Bachillerato) incompleta,3 a 4,Dos,M,No,No,No,Si,OFICIAL,UNICA,URBANO,N,TÉCNICO/ACADÉMICO,MIXTO,S,Sí,0,217
16.0,Estrato 2,Técnica o tecnológica completa,Educación profesional completa,3 a 4,Dos,M,Si,Si,No,Si,NO OFICIAL,COMPLETA,URBANO,N,ACADÉMICO,MIXTO,S,Sí,0,261
16.0,Estrato 2,Secundaria (Bachillerato) completa,Secundaria (Bachillerato) completa,3 a 4,Dos,F,Si,Si,No,Si,OFICIAL,UNICA,URBANO,N,TÉCNICO/ACADÉMICO,FEMENINO,S,Sí,0,237
16.0,Estrato 2,Primaria incompleta,Secundaria (Bachillerato) incompleta,7 a 8,Tres,F,Si,No,No,Si,NO OFICIAL,TARDE,URBANO,,ACADÉMICO,MIXTO,S,No,0,213
16.0,Estrato 3,Primaria completa,Secundaria (Bachillerato) completa,3 a 4,Tres,M,Si,No,Si,Si,OFICIAL,MAÑANA,URBANO,N,ACADÉMICO,MIXTO,S,Sí,0,275
17.0,Estrato 3,Secundaria (Bachillerato) incompleta,Educación profesional incompleta,9 o más,Dos,M,Si,Si,No,No,OFICIAL,UNICA,URBANO,N,TÉCNICO/ACADÉMICO,MIXTO,S,Sí,0,217
19.0,Estrato 4,Primaria incompleta,Primaria incompleta,3 a 4,Dos,F,Si,No,Si,Si,OFICIAL,SABATINA,URBANO,N,TÉCNICO/ACADÉMICO,MIXTO,S,No,0,172
27.0,,,,1 a 2,Uno,F,,No,No,Si,OFICIAL,SABATINA,RURAL,N,ACADÉMICO,MIXTO,S,No,0,200
16.0,Estrato 3,Primaria incompleta,Secundaria (Bachillerato) completa,3 a 4,Tres,F,Si,Si,No,Si,OFICIAL,UNICA,URBANO,N,TÉCNICO/ACADÉMICO,MIXTO,S,Sí,0,213
16.0,Estrato 3,Educación profesional completa,Secundaria (Bachillerato) completa,3 a 4,Dos,F,Si,Si,No,Si,NO OFICIAL,MAÑANA,URBANO,N,TÉCNICO/ACADÉMICO,MIXTO,S,Sí,1,337
19.0,Estrato 2,Secundaria (Bachillerato) completa,,5 a 6,Tres,M,Si,Si,No,Si,OFICIAL,MAÑANA,RURAL,N,ACADÉMICO,MIXTO,S,Sí,0,244
18.0,Estrato 2,Secundaria (Bachillerato) completa,Educación profesional completa,1 a 2,Uno,F,Si,No,No,No,OFICIAL,NOCHE,URBANO,N,TÉCNICO/ACADÉMICO,MIXTO,N,Sí,0,273
17.0,Estrato 3,Técnica o tecnológica completa,Técnica o tecnológica completa,3 a 4,Tres,F,Si,Si,No,Si,OFICIAL,MAÑANA,URBANO,N,ACADÉMICO,MIXTO,S,No,1,300
17.0,Estrato 3,Primaria completa,Primaria completa,3 a 4,Tres,M,Si,Si,No,Si,OFICIAL,MAÑANA,URBANO,N,ACADÉMICO,MASCULINO,S,Sí,0,233
17.0,Estrato 2,Secundaria (Bachillerato) completa,Ninguno,9 o más,Cinco,F,Si,No,No,Si,OFICIAL,COMPLETA,URBANO,N,TÉCNICO/ACADÉMICO,MIXTO,S,No,0,268
15.0,Estrato 2,,,5 a 6,Tres,F,Si,No,No,Si,OFICIAL,UNICA,URBANO,,ACADÉMICO,MIXTO,S,Sí,0,242
17.0,Estrato 1,Secundaria (Bachillerato) completa,Primaria incompleta,3 a 4,Dos,M,Si,Si,No,Si,OFICIAL,COMPLETA,URBANO,N,TÉCNICO/ACADÉMICO,MIXTO,S,No,0,201
18.0,Estrato 2,Secundaria (Bachillerato) incompleta,Primaria incompleta,,,F,Si,,,,OFICIAL,MAÑANA,URBANO,N,TÉCNICO/ACADÉMICO,MIXTO,S,Sí,0,200
17.0,Estrato 2,Secundaria (Bachillerato) completa,Educación profesional completa,5 a 6,Tres,M,No,No,No,Si,OFICIAL,MAÑANA,URBANO,N,ACADÉMICO,MIXTO,S,No,0,292
18.0,Estrato 2,Secundaria (Bachillerato) completa,,5 a 6,Tres,M,No,Si,No,Si,OFICIAL,TARDE,URBANO,N,TÉCNICO/ACADÉMICO,MIXTO,S,No,0,246
17.0,Estrato 3,Educación profesional incompleta,Secundaria (Bachillerato) completa,5 a 6,Cuatro,M,Si,Si,Si,Si,NO OFICIAL,MAÑANA,URBANO,N,ACADÉMICO,MIXTO,S,Sí,0,289
17.0,,Primaria incompleta,Primaria incompleta,3 a 4,Dos,F,Si,Si,No,Si,OFICIAL,MAÑANA,URBANO,N,ACADÉMICO,MIXTO,S,No,0,186
18.0,Estrato 1,Secundaria (Bachillerato) completa,Secundaria (Bachillerato) completa,3 a 4,Tres,M,Si,Si,No,Si,OFICIAL,SABATINA,URBANO,N,ACADÉMICO,MIXTO,S,No,0,170
18.0,Estrato 4,Educación profesional completa,Postgrado,3 a 4,Tres,M,Si,Si,Si,Si,NO OFICIAL,UNICA,RURAL,,,MIXTO,S,No,1,324
16.0,Estrato 3,Educación profesional completa,Secundaria (Bachillerato) incompleta,3 a 4,Cuatro,M,Si,Si,No,Si,NO OFICIAL,MAÑANA,URBANO,N,ACADÉMICO,MIXTO,S,Sí,0,292
18.0,Estrato 4,Primaria completa,Primaria incompleta,3 a 4,Dos,M,No,Si,No,Si,OFICIAL,UNICA,URBANO,,,MIXTO,S,Sí,0,175
17.0,Estrato 6,Educación profesional incompleta,Educación profesional incompleta,3 a 4,Tres,M,Si,Si,Si,Si,NO OFICIAL,COMPLETA,RURAL,N,ACADÉMICO,MIXTO,S,No,1,307
,Estrato 2,Primaria incompleta,Primaria incompleta,5 a 6,Dos,F,Si,Si,No,Si,OFICIAL,NOCHE,URBANO,N,TÉCNICO/ACADÉMICO,MIXTO,N,Sí,0,181
16.0,Estrato 3,Educación profesional completa,Secundaria (Bachillerato) completa,3 a 4,Tres,M,Si,Si,No,Si,OFICIAL,MAÑANA,URBANO,N,ACADÉMICO,MIXTO,S,No,0,220
18.0,,Secundaria (Bachillerato) completa,Secundaria (Bachillerato) completa,3 a 4,Dos,M,Si,Si,No,Si,OFICIAL,NOCHE,URBANO,,,MIXTO,S,Sí,0,233
16.0,Estrato 2,Técnica o tecnológica completa,Secundaria (Bachillerato) completa,1 a 2,Uno,F,Si,Si,No,Si,OFICIAL,MAÑANA,URBANO,N,ACADÉMICO,MIXTO,S,Sí,0,268
17.0,Estrato 1,Primaria completa,Secundaria (Bachillerato) incompleta,9 o más,Cuatro,M,Si,Si,No,Si,OFICIAL,NOCHE,URBANO,N,TÉCNICO/ACADÉMICO,MIXTO,S,Sí,0,230
18.0,Estrato 3,Educación profesional completa,Educación profesional incompleta,7 a 8,Tres,F,Si,Si,No,Si,OFICIAL,UNICA,URBANO,N,TÉCNICO/ACADÉMICO,MIXTO,S,Sí,1,313
17.0,Estrato 2,Primaria completa,Primaria completa,3 a 4,Dos,M,No,No,No,Si,OFICIAL,COMPLETA,RURAL,,NO APLICA,MIXTO,S,No,0,190
16.0,Estrato 3,Secundaria (Bachillerato) completa,Primaria completa,3 a 4,Dos,F,Si,Si,Si,No,NO OFICIAL,MAÑANA,URBANO,N,ACADÉMICO,MIXTO,S,Sí,0,297
18.0,Estrato 3,Primaria incompleta,Primaria incompleta,5 a 6,Tres,M,Si,Si,Si,Si,OFICIAL,NOCHE,URBANO,N,TÉCNICO/ACADÉMICO,MIXTO,S,Sí,0,167
16.0,Estrato 3,Secundaria (Bachillerato) completa,,5 a 6,Cuatro,F,No,No,No,Si,OFICIAL,NOCHE,URBANO,N,ACADÉMICO,MIXTO,S,No,0,174
16.0,Estrato 1,Secundaria (Bachillerato) completa,,1 a 2,Dos,F,Si,Si,No,No,OFICIAL,UNICA,URBANO,N,TÉCNICO/ACADÉMICO,MIXTO,S,Sí,0,278
17.0,Estrato 1,Primaria incompleta,Primaria incompleta,5 a 6,Dos,M,No,No,No,Si,OFICIAL,COMPLETA,RURAL,,,MIXTO,S,No,0,239
18.0,Estrato 3,Técnica o tecnológica incompleta,,3 a 4,Dos,F,Si,No,No,Si,OFICIAL,UNICA,URBANO,N,ACADÉMICO,MIXTO,N,Sí,0,243
16.0,Estrato 2,Secundaria (Bachillerato) incompleta,Secundaria (Bachillerato) completa,5 a 6,Tres,F,Si,No,No,Si,OFICIAL,MAÑANA,URBANO,N,TÉCNICO/ACADÉMICO,MIXTO,S,No,0,195
17.0,Estrato 2,Técnica o tecnológica completa,,3 a 4,Dos,M,Si,Si,Si,Si,OFICIAL,TARDE,URBANO,N,ACADÉMICO,MIXTO,N,No,0,291
17.0,Estrato 1,Primaria incompleta,Primaria completa,3 a 4,Dos,F,Si,No,No,Si,OFICIAL,MAÑANA,URBANO,,,MIXTO,S,No,0,262
17.0,Estrato 2,Primaria completa,Secundaria (Bachillerato) completa,9 o más,Cinco,F,No,No,No,Si,OFICIAL,MAÑANA,RURAL,N,ACADÉMICO,MIXTO,S,No,0,244
18.0,,,,,,F,,,,,OFICIAL,SABATINA,URBANO,N,TÉCNICO/ACADÉMICO,MIXTO,S,No,0,194
16.0,Estrato 5,Educación profesional completa,Educación profesional completa,3 a 4,Dos,F,Si,Si,Si,Si,NO OFICIAL,COMPLETA,URBANO,N,ACADÉMICO,MIXTO,S,Sí,1,382
16.0,Estrato 3,Educación profesional completa,Técnica o tecnológica completa,3 a 4,Tres,M,Si,Si,Si,Si,NO OFICIAL,MAÑANA,URBANO,N,ACADÉMICO,MIXTO,S,Sí,1,332
18.0,Estrato 2,Primaria incompleta,Técnica o tecnológica completa,3 a 4,Tres,F,Si,Si,No,Si,OFICIAL,UNICA,URBANO,N,TÉCNICO/ACADÉMICO,MIXTO,S,Sí,0,256
16.0,Estrato 3,Secundaria (Bachillerato) incompleta,Secundaria (Bachillerato) incompleta,5 a 6,Tres,F,Si,Si,No,Si,OFICIAL,MAÑANA,RURAL,N,ACADÉMICO,MIXTO,S,Sí,1,358
16.0,Estrato 2,Primaria incompleta,Primaria incompleta,3 a 4,Tres,F,No,No,No,Si,OFICIAL,COMPLETA,RURAL,N,ACADÉMICO,MIXTO,N,No,0,257
19.0,Estrato 5,Postgrado,Postgrado,3 a 4,Tres,F,Si,Si,Si,Si,NO OFICIAL,COMPLETA,URBANO,N,ACADÉMICO,MIXTO,S,Sí,1,333
16.0,Estrato 2,Postgrado,,3 a 4,Dos,F,Si,Si,No,Si,OFICIAL,UNICA,URBANO,N,TÉCNICO/ACADÉMICO,MIXTO,S,Sí,1,322
16.0,Estrato 2,Técnica o tecnológica completa,Educación profesional incompleta,3 a 4,Tres,F,No,No,No,No,OFICIAL,COMPLETA,URBANO,N,ACADÉMICO,MIXTO,S,No,0,257
17.0,Estrato 3,Educación profesional incompleta,Educación profesional incompleta,7 a 8,Uno,M,Si,No,No,Si,OFICIAL,UNICA,URBANO,N,ACADÉMICO,MIXTO,S,Sí,0,222
17.0,Estrato 2,Educación profesional completa,Secundaria (Bachillerato) incompleta,5 a 6,Tres,M,No,No,No,Si,OFICIAL,COMPLETA,URBANO,N,TÉCNICO/ACADÉMICO,MIXTO,S,No,0,238
16.0,Estrato 2,,,3 a 4,Dos,M,No,No,No,Si,OFICIAL,UNICA,URBANO,N,TÉCNICO/ACADÉMICO,MIXTO,S,Sí,0,272
17.0,Estrato 2,Secundaria (Bachillerato) completa,,7 a 8,Tres,M,Si,Si,No,Si,OFICIAL,MAÑANA,URBANO,,,MIXTO,S,Sí,0,239
16.0,Estrato 1,Primaria incompleta,Secundaria (Bachillerato) incompleta,3 a 4,Uno,F,No,No,No,No,OFICIAL,MAÑANA,RURAL,N,ACADÉMICO,MIXTO,S,No,0,183
17.0,Estrato 1,Técnica o tecnológica completa,Primaria incompleta,3 a 4,Tres,M,Si,Si,No,Si,NO OFICIAL,COMPLETA,URBANO,N,ACADÉMICO,MASCULINO,S,Sí,0,241
16.0,Estrato 2,Secundaria (Bachillerato) completa,Primaria completa,5 a 6,Tres,F,Si,No,No,Si,OFICIAL,MAÑANA,URBANO,N,ACADÉMICO,MIXTO,S,Sí,0,176
17.0,Estrato 3,Secundaria (Bachillerato) completa,Educación profesional completa,5 a 6,Cuatro,F,Si,Si,No,No,OFICIAL,UNICA,URBANO,N,TÉCNICO/ACADÉMICO,MIXTO,S,Sí,0,262
16.0,Estrato 3,Técnica o tecnológica incompleta,Secundaria (Bachillerato) completa,1 a 2,Tres,M,Si,No,Si,Si,OFICIAL,COMPLETA,RURAL,N,ACADÉMICO,MIXTO,S,No,0,201
16.0,Estrato 4,Educación profesional completa,Educación profesional completa,3 a 4,Uno,F,Si,Si,Si,Si,NO OFICIAL,MAÑANA,URBANO,,NO APLICA,MIXTO,S,Sí,0,198
17.0,Estrato 3,Educación profesional completa,,3 a 4,Tres,F,Si,No,No,Si,NO OFICIAL,COMPLETA,URBANO,,ACADÉMICO,MIXTO,S,Sí,0,298
16.0,Estrato 2,Secundaria (Bachillerato) incompleta,Primaria completa,5 a 6,Dos,F,No,No,No,No,OFICIAL,UNICA,URBANO,N,TÉCNICO/ACADÉMICO,MIXTO,S,Sí,0,261
19.0,Estrato 3,Secundaria (Bachillerato) incompleta,Primaria incompleta,3 a 4,Tres,F,Si,No,Si,Si,OFICIAL,TARDE,URBANO,N,TÉCNICO/ACADÉMICO,MIXTO,S,No,0,160
17.0,Estrato 3,Educación profesional incompleta,Educación profesional incompleta,3 a 4,Cuatro,F,Si,Si,Si,Si,OFICIAL,COMPLETA,URBANO,N,TÉCNICO/ACADÉMICO,MIXTO,S,No,0,223
17.0,Estrato 1,Secundaria (Bachillerato) completa,Primaria incompleta,3 a 4,Dos,M,No,No,No,Si,OFICIAL,MAÑANA,URBANO,N,ACADÉMICO,MIXTO,S,No,1,300
18.0,Estrato 2,Primaria incompleta,Primaria incompleta,3 a 4,Uno,F,Si,No,No,Si,OFICIAL,MAÑANA,URBANO,N,ACADÉMICO,MIXTO,S,Sí,0,260
17.0,Estrato 2,Primaria completa,,5 a 6,Dos,F,Si,No,No,No,OFICIAL,COMPLETA,RURAL,N,ACADÉMICO,MIXTO,S,No,0,244
19.0,Sin Estrato,Primaria incompleta,Primaria incompleta,3 a 4,Dos,M,No,No,No,Si,OFICIAL,COMPLETA,RURAL,,NO APLICA,MIXTO,S,Sí,0,179
18.0,,Secundaria (Bachillerato) incompleta,Primaria incompleta,7 a 8,Cinco,M,Si,No,Si,Si,OFICIAL,SABATINA,URBANO,N,ACADÉMICO,MIXTO,S,Sí,0,196
16.0,Estrato 1,Ninguno,Primaria incompleta,3 a 4,Dos,M,No,No,No,Si,OFICIAL,MAÑANA,RURAL,,TÉCNICO/ACADÉMICO,MIXTO,S,No,0,204
17.0,Estrato 2,Primaria incompleta,Primaria incompleta,3 a 4,Dos,F,Si,Si,No,Si,OFICIAL,NOCHE,URBANO,N,ACADÉMICO,MIXTO,S,Sí,0,167
17.0,Estrato 3,Secundaria (Bachillerato) incompleta,Secundaria (Bachillerato) completa,5 a 6,Cuatro,F,Si,Si,Si,Si,OFICIAL,UNICA,RURAL,N,TÉCNICO/ACADÉMICO,MIXTO,S,Sí,1,343
16.0,Estrato 5,Secundaria (Bachillerato) completa,Secundaria (Bachillerato) completa,3 a 4,Tres,F,Si,Si,No,Si,OFICIAL,UNICA,URBANO,N,TÉCNICO/ACADÉMICO,MIXTO,S,Sí,0,257
17.0,Estrato 4,Secundaria (Bachillerato) completa,,5 a 6,Cuatro,F,Si,Si,Si,Si,NO OFICIAL,COMPLETA,URBANO,N,ACADÉMICO,FEMENINO,S,Sí,1,327
17.0,Estrato 3,Secundaria (Bachillerato) completa,Secundaria (Bachillerato) completa,1 a 2,Tres,F,Si,Si,No,Si,NO OFICIAL,MAÑANA,URBANO,N,ACADÉMICO,MIXTO,S,Sí,0,208
17.0,Estrato 2,Ninguno,Primaria completa,7 a 8,Tres,F,Si,Si,No,No,OFICIAL,UNICA,URBANO,N,TÉCNICO/ACADÉMICO,MIXTO,S,Sí,0,217
18.0,Estrato 2,Primaria completa,Primaria completa,5 a 6,Tres,F,Si,Si,No,Si,OFICIAL,MAÑANA,URBANO,N,TÉCNICO/ACADÉMICO,MIXTO,S,No,0,187
18.0,Estrato 2,Secundaria (Bachillerato) incompleta,Secundaria (Bachillerato) incompleta,3 a 4,Dos,M,Si,Si,No,Si,OFICIAL,COMPLETA,URBANO,,,MIXTO,N,No,0,188
16.0,,Primaria completa,Primaria completa,3 a 4,Tres,M,Si,Si,No,Si,OFICIAL,MAÑANA,URBANO,N,TÉCNICO,MIXTO,S,Sí,0,222
21.0,Estrato 3,Primaria completa,Primaria completa,5 a 6,Tres,F,Si,No,No,Si,OFICIAL,SABATINA,URBANO,N,ACADÉMICO,MIXTO,S,Sí,0,174
16.0,Estrato 4,Educación profesional completa,Educación profesional completa,3 a 4,Dos,M,Si,Si,Si,Si,OFICIAL,UNICA,URBANO,N,TÉCNICO/ACADÉMICO,MIXTO,S,Sí,1,336
15.0,Estrato 1,Secundaria (Bachillerato) completa,Secundaria (Bachillerato) incompleta,3 a 4,Tres,M,Si,Si,No,Si,OFICIAL,MAÑANA,URBANO,N,ACADÉMICO,MIXTO,S,No,0,257
17.0,Estrato 3,Secundaria (Bachillerato) completa,Técnica o tecnológica completa,3 a 4,Tres,M,Si,Si,No,Si,OFICIAL,COMPLETA,URBANO,N,ACADÉMICO,MIXTO,S,No,0,291
19.0,Estrato 1,Secundaria (Bachillerato) completa,Primaria incompleta,3 a 4,Dos,F,Si,No,No,No,OFICIAL,SABATINA,RURAL,,ACADÉMICO,MIXTO,S,No,0,157
19.0,Estrato 3,,,1 a 2,Dos,M,Si,Si,No,No,NO OFICIAL,MAÑANA,URBANO,N,TÉCNICO/ACADÉMICO,MIXTO,S,Sí,0,283
17.0,Estrato 1,Primaria incompleta,Primaria incompleta,5 a 6,Dos,F,Si,Si,Si,Si,OFICIAL,COMPLETA,RURAL,,ACADÉMICO,MIXTO,S,No,0,198
16.0,Estrato 2,Educación profesional completa,,3 a 4,Dos,F,Si,Si,No,Si,OFICIAL,MAÑANA,RURAL,N,ACADÉMICO,MIXTO,S,No,0,203
16.0,Estrato 3,Educación profesional incompleta,Educación profesional incompleta,3 a 4,Dos,F,Si,Si,No,Si,NO OFICIAL,MAÑANA,URBANO,N,ACADÉMICO,MIXTO,S,Sí,1,308
17.0,Estrato 4,Secundaria (Bachillerato) completa,Técnica o tecnológica incompleta,3 a 4,Tres,F,Si,Si,Si,Si,OFICIAL,UNICA,URBANO,N,TÉCNICO/ACADÉMICO,MIXTO,S,Sí,0,254
16.0,Estrato 3,Postgrado,,3 a 4,Tres,F,Si,Si,Si,Si,NO OFICIAL,MAÑANA,URBANO,N,ACADÉMICO,FEMENINO,S,Sí,0,298
17.0,Estrato 2,Técnica o tecnológica completa,Técnica o tecnológica completa,3 a 4,Dos,M,Si,Si,Si,Si,OFICIAL,MAÑANA,URBANO,N,ACADÉMICO,MIXTO,S,No,0,293
17.0,Estrato 2,Educación profesional completa,Secundaria (Bachillerato) completa,5 a 6,Tres,M,Si,Si,No,Si,NO OFICIAL,MAÑANA,URBANO,N,ACADÉMICO,MIXTO,S,Sí,0,225
17.0,Estrato 1,Secundaria (Bachillerato) completa,Secundaria (Bachillerato) completa,3 a 4,Tres,F,No,Si,No,Si,OFICIAL,UNICA,URBANO,N,ACADÉMICO,MIXTO,S,Sí,0,237
,,,,,,F,,,,,OFICIAL,SABATINA,URBANO,N,ACADÉMICO,MIXTO,S,No,0,217
17.0,Sin Estrato,,Postgrado,3 a 4,Dos,M,Si,No,No,Si,NO OFICIAL,MAÑANA,URBANO,,ACADÉMICO,MIXTO,S,Sí,0,225
20.0,Estrato 2,Secundaria (Bachillerato) completa,Primaria completa,5 a 6,Tres,F,Si,Si,No,Si,OFICIAL,MAÑANA,URBANO,N,TÉCNICO/ACADÉMICO,MIXTO,S,No,0,204
18.0,Estrato 6,Secundaria (Bachillerato) completa,Secundaria (Bachillerato) incompleta,5 a 6,Tres,F,No,No,No,Si,OFICIAL,NOCHE,URBANO,N,ACADÉMICO,MASCULINO,S,Sí,0,202
17.0,Estrato 3,Secundaria (Bachillerato) completa,Educación profesional completa,1 a 2,Dos,F,Si,Si,Si,Si,OFICIAL,MAÑANA,URBANO,N,TÉCNICO/ACADÉMICO,MIXTO,S,No,0,194
19.0,Estrato 3,Educación profesional completa,Secundaria (Bachillerato) completa,3 a 4,Tres,M,Si,Si,Si,Si,OFICIAL,UNICA,URBANO,N,TÉCNICO/ACADÉMICO,MIXTO,S,Sí,0,285
17.0,Estrato 3,Secundaria (Bachillerato) completa,Técnica o tecnológica completa,5 a 6,Tres,M,Si,Si,No,Si,OFICIAL,UNICA,URBANO,N,TÉCNICO,MIXTO,S,No,1,340
19.0,,,,,,F,,,,,OFICIAL,SABATINA,URBANO,N,TÉCNICO/ACADÉMICO,MIXTO,S,Sí,0,221
17.0,Estrato 3,Secundaria (Bachillerato) completa,Primaria incompleta,,,M,Si,,,,OFICIAL,UNICA,URBANO,N,TÉCNICO/ACADÉMICO,MIXTO,S,Sí,1,323
16.0,Estrato 2,Secundaria (Bachillerato) completa,Secundaria (Bachillerato) incompleta,3 a 4,Dos,M,Si,No,No,Si,OFICIAL,UNICA,RURAL,N,ACADÉMICO,MIXTO,S,Sí,0,293
16.0,Estrato 2,Primaria incompleta,,3 a 4,Tres,F,Si,Si,No,Si,NO OFICIAL,COMPLETA,URBANO,N,ACADÉMICO,MIXTO,S,No,0,273
16.0,Estrato 1,Educación profesional incompleta,Secundaria (Bachillerato) completa,3 a 4,Dos,F,Si,Si,Si,Si,NO OFICIAL,MAÑANA,URBANO,,ACADÉMICO,MIXTO,S,Sí,1,351
17.0,Estrato 1,Secundaria (Bachillerato) completa,Secundaria (Bachillerato) completa,3 a 4,Dos,M,Si,No,No,Si,OFICIAL,MAÑANA,URBANO,N,ACADÉMICO,MIXTO,S,Sí,0,200
16.0,Estrato 1,Técnica o tecnológica completa,Técnica o tecnológica incompleta,5 a 6,Cuatro,M,Si,No,No,Si,OFICIAL,COMPLETA,URBANO,N,ACADÉMICO,MIXTO,S,No,0,259
17.0,Estrato 2,Secundaria (Bachillerato) completa,Secundaria (Bachillerato) completa,3 a 4,Tres,M,No,No,No,No,OFICIAL,TARDE,RURAL,N,ACADÉMICO,MIXTO,S,No,0,240
16.0,Estrato 2,Secundaria (Bachillerato) completa,,3 a 4,Cuatro,F,Si,Si,No,Si,OFICIAL,COMPLETA,URBANO,N,TÉCNICO/ACADÉMICO,MIXTO,S,No,0,232
17.0,Estrato 2,Educación profesional completa,Técnica o tecnológica completa,3 a 4,,F,Si,Si,No,Si,OFICIAL,MAÑANA,URBANO,N,ACADÉMICO,MIXTO,S,Sí,0,202
17.0,Estrato 3,Primaria completa,,3 a 4,Cuatro,M,Si,Si,No,Si,OFICIAL,MAÑANA,URBANO,N,TÉCNICO/ACADÉMICO,MIXTO,S,Sí,0,275
16.0,Estrato 2,Secundaria (Bachillerato) incompleta,Secundaria (Bachillerato) incompleta,3 a 4,Dos,F,Si,Si,No,Si,OFICIAL,MAÑANA,RURAL,N,TÉCNICO/ACADÉMICO,MIXTO,S,No,0,195
16.0,Estrato 1,Primaria completa,Secundaria (Bachillerato) completa,5 a 6,Tres,F,No,No,No,Si,OFICIAL,MAÑANA,URBANO,N,TÉCNICO/ACADÉMICO,MIXTO,S,No,0,179
18.0,Estrato 2,Secundaria (Bachillerato) completa,Primaria incompleta,5 a 6,Dos,F,Si,Si,No,No,OFICIAL,MAÑANA,URBANO,,ACADÉMICO,MIXTO,S,Sí,0,193
16.0,Estrato 2,Secundaria (Bachillerato) completa,Educación profesional completa,5 a 6,Tres,F,Si,Si,No,Si,OFICIAL,MAÑANA,URBANO,N,ACADÉMICO,MIXTO,N,No,0,251
16.0,Estrato 2,Secundaria (Bachillerato) incompleta,Primaria incompleta,5 a 6,Cuatro,F,Si,Si,No,Si,OFICIAL,TARDE,URBANO,N,TÉCNICO/ACADÉMICO,MIXTO,S,No,0,221
17.0,Estrato 3,Secundaria (Bachillerato) completa,Secundaria (Bachillerato) incompleta,3 a 4,Tres,F,Si,No,No,Si,OFICIAL,UNICA,URBANO,N,TÉCNICO/ACADÉMICO,MIXTO,S,Sí,0,223
16.0,Estrato 2,Técnica o tecnológica completa,Secundaria (Bachillerato) incompleta,5 a 6,Dos,F,Si,Si,No,Si,OFICIAL,UNICA,URBANO,N,ACADÉMICO,MIXTO,S,Sí,0,292
15.0,Estrato 2,Secundaria (Bachillerato) incompleta,Secundaria (Bachillerato) incompleta,5 a 6,Dos,F,No,No,No,Si,OFICIAL,SABATINA,RURAL,,ACADÉMICO,MIXTO,S,No,0,220
18.0,Estrato 1,,Ninguno,1 a 2,Uno,F,Si,No,No,No,OFICIAL,MAÑANA,RURAL,N,ACADÉMICO,MIXTO,S,No,0,213
16.0,Estrato 2,Educación profesional completa,Educación profesional completa,1 a 2,Dos,M,Si,Si,No,Si,NO OFICIAL,COMPLETA,URBANO,N,ACADÉMICO,MIXTO,S,No,1,338
17.0,Estrato 2,Técnica o tecnológica completa,Secundaria (Bachillerato) completa,3 a 4,Tres,F,Si,Si,No,Si,OFICIAL,MAÑANA,RURAL,,ACADÉMICO,MIXTO,S,Sí,0,297
17.0,Estrato 5,Postgrado,,5 a 6,Cinco,M,Si,Si,Si,Si,NO OFICIAL,COMPLETA,URBANO,N,ACADÉMICO,MIXTO,S,Sí,1,381
16.0,Estrato 2,Secundaria (Bachillerato) incompleta,Secundaria (Bachillerato) completa,5 a 6,Tres,F,Si,Si,Si,Si,NO OFICIAL,COMPLETA,URBANO,N,TÉCNICO/ACADÉMICO,MIXTO,S,Sí,0,210
16.0,Estrato 3,Primaria incompleta,Primaria incompleta,3 a 4,Dos,F,Si,No,No,Si,OFICIAL,TARDE,URBANO,N,ACADÉMICO,MIXTO,S,Sí,0,247
17.0,Estrato 1,Secundaria (Bachillerato) incompleta,Secundaria (Bachillerato) completa,3 a 4,Dos,M,Si,No,No,Si,OFICIAL,COMPLETA,URBANO,N,ACADÉMICO,MIXTO,S,No,0,272
17.0,Estrato 2,Técnica o tecnológica completa,,5 a 6,Tres,F,Si,Si,No,Si,OFICIAL,UNICA,URBANO,N,TÉCNICO/ACADÉMICO,MIXTO,S,Sí,0,220
16.0,Estrato 2,Técnica o tecnológica completa,,3 a 4,Dos,F,Si,No,Si,Si,NO OFICIAL,MAÑANA,URBANO,N,ACADÉMICO,MIXTO,S,Sí,0,247
16.0,Estrato 2,Secundaria (Bachillerato) completa,Secundaria (Bachillerato) completa,3 a 4,Tres,M,Si,Si,No,Si,OFICIAL,MAÑANA,URBANO,N,ACADÉMICO,MIXTO,S,No,0,215
16.0,Estrato 2,Secundaria (Bachillerato) completa,Secundaria (Bachillerato) completa,5 a 6,Tres,F,No,No,No,Si,OFICIAL,MAÑANA,URBANO,N,TÉCNICO/ACADÉMICO,MIXTO,S,No,0,258
18.0,Estrato 3,Secundaria (Bachillerato) completa,Primaria incompleta,3 a 4,Tres,F,Si,Si,No,Si,OFICIAL,UNICA,URBANO,N,TÉCNICO/ACADÉMICO,MIXTO,S,Sí,0,245
17.0,,Secundaria (Bachillerato) completa,,3 a 4,Tres,M,Si,Si,No,Si,OFICIAL,MAÑANA,URBANO,N,ACADÉMICO,MIXTO,S,No,0,240
16.0,Estrato 3,Secundaria (Bachillerato) completa,Primaria incompleta,3 a 4,Dos,M,Si,Si,No,Si,OFICIAL,COMPLETA,URBANO,N,TÉCNICO/ACADÉMICO,MIXTO,S,No,0,253
17.0,Estrato 1,Primaria incompleta,Primaria incompleta,3 a 4,Dos,F,No,Si,No,Si,OFICIAL,COMPLETA,URBANO,N,TÉCNICO/ACADÉMICO,MIXTO,S,No,0,287
17.0,Estrato 2,Primaria incompleta,Primaria incompleta,3 a 4,Dos,M,No,No,No,Si,OFICIAL,MAÑANA,URBANO,N,TÉCNICO/ACADÉMICO,MIXTO,S,Sí,0,192
17.0,Estrato 4,Primaria completa,Primaria completa,5 a 6,Cuatro,M,No,No,No,No,OFICIAL,COMPLETA,URBANO,,NO APLICA,MIXTO,S,No,0,210
16.0,Estrato 3,Educación profesional completa,Técnica o tecnológica incompleta,3 a 4,Tres,M,Si,Si,No,Si,OFICIAL,UNICA,URBANO,N,TÉCNICO/ACADÉMICO,MIXTO,S,Sí,0,245
16.0,Estrato 2,Técnica o tecnológica completa,Secundaria (Bachillerato) incompleta,5 a 6,Tres,F,Si,Si,No,No,OFICIAL,UNICA,URBANO,N,TÉCNICO/ACADÉMICO,MIXTO,S,Sí,0,267
24.0,,,,,,M,,,,,NO OFICIAL,MAÑANA,URBANO,N,TÉCNICO/ACADÉMICO,MIXTO,S,Sí,0,173
17.0,Estrato 2,Técnica o tecnológica completa,Educación profesional completa,3 a 4,Dos,M,Si,Si,No,Si,OFICIAL,UNICA,URBANO,N,ACADÉMICO,MIXTO,S,No,1,316
17.0,Estrato 1,Secundaria (Bachillerato) completa,Primaria incompleta,3 a 4,Dos,M,Si,Si,No,Si,OFICIAL,UNICA,URBANO,N,ACADÉMICO,MIXTO,S,Sí,0,297
18.0,Estrato 2,Secundaria (Bachillerato) incompleta,Secundaria (Bachillerato) completa,5 a 6,Seis o mas,M,Si,Si,No,Si,OFICIAL,MAÑANA,URBANO,N,ACADÉMICO,MIXTO,S,Sí,0,208
29.0,Estrato 2,Secundaria (Bachillerato) completa,,7 a 8,Cuatro,M,Si,Si,No,Si,NO OFICIAL,SABATINA,URBANO,N,TÉCNICO/ACADÉMICO,MIXTO,S,Sí,0,184
17.0,Estrato 3,,Secundaria (Bachillerato) completa,3 a 4,Tres,F,Si,Si,No,Si,OFICIAL,UNICA,URBANO,N,TÉCNICO/ACADÉMICO,MIXTO,S,Sí,1,303
16.0,Estrato 3,Secundaria (Bachillerato) completa,Educación profesional completa,3 a 4,Dos,M,Si,Si,Si,Si,NO OFICIAL,COMPLETA,URBANO,N,TÉCNICO,MIXTO,S,Sí,1,327
,Estrato 1,Primaria incompleta,Primaria incompleta,5 a 6,Tres,M,Si,No,No,No,OFICIAL,SABATINA,URBANO,N,TÉCNICO/ACADÉMICO,MIXTO,S,No,0,172
19.0,Estrato 2,Primaria incompleta,Ninguno,3 a 4,Cuatro,F,No,No,No,Si,OFICIAL,SABATINA,URBANO,N,TÉCNICO/ACADÉMICO,MIXTO,S,No,0,160
18.0,Sin Estrato,Secundaria (Bachillerato) incompleta,Secundaria (Bachillerato) incompleta,5 a 6,Dos,M,No,Si,No,No,OFICIAL,SABATINA,URBANO,N,ACADÉMICO,MIXTO,S,Sí,0,175
25.0,Estrato 1,Primaria incompleta,,7 a 8,Tres,F,No,No,No,No,NO OFICIAL,SABATINA,URBANO,N,ACADÉMICO,MIXTO,S,Sí,0,216
18.0,Estrato 3,Primaria completa,Primaria incompleta,5 a 6,Tres,F,Si,Si,,No,NO OFICIAL,NOCHE,URBANO,,ACADÉMICO,MIXTO,S,Sí,0,157
18.0,Estrato 1,Secundaria (Bachillerato) incompleta,Primaria incompleta,7 a 8,Tres,F,No,No,No,No,OFICIAL,MAÑANA,RURAL,N,ACADÉMICO,MIXTO,N,No,0,183
16.0,Estrato 2,Técnica o tecnológica completa,Técnica o tecnológica incompleta,3 a 4,Tres,F,Si,Si,No,Si,OFICIAL,TARDE,URBANO,,ACADÉMICO,MIXTO,S,Sí,1,331
16.0,,,,,,F,,,,,OFICIAL,NOCHE,URBANO,N,TÉCNICO/ACADÉMICO,MIXTO,S,No,0,178
16.0,Estrato 2,Secundaria (Bachillerato) completa,Educación profesional completa,3 a 4,Tres,F,Si,Si,Si,Si,NO OFICIAL,COMPLETA,URBANO,N,ACADÉMICO,MIXTO,S,Sí,0,291
17.0,Estrato 1,Secundaria (Bachillerato) completa,Ninguno,3 a 4,Dos,F,Si,Si,No,Si,OFICIAL,SABATINA,URBANO,N,TÉCNICO,MIXTO,S,Sí,0,182
16.0,Estrato 3,Secundaria (Bachillerato) incompleta,Secundaria (Bachillerato) incompleta,5 a 6,Tres,M,Si,Si,No,Si,OFICIAL,COMPLETA,URBANO,N,ACADÉMICO,MIXTO,S,No,1,312
17.0,Estrato 2,Secundaria (Bachillerato) incompleta,Secundaria (Bachillerato) completa,3 a 4,Tres,M,No,No,No,Si,OFICIAL,TARDE,URBANO,N,TÉCNICO/ACADÉMICO,MIXTO,S,No,0,242
17.0,Estrato 3,Técnica o tecnológica completa,Secundaria (Bachillerato) completa,3 a 4,Tres,M,Si,Si,No,Si,OFICIAL,MAÑANA,URBANO,N,ACADÉMICO,MIXTO,S,Sí,0,277
17.0,Sin Estrato,Primaria incompleta,,5 a 6,Dos,F,No,No,No,Si,OFICIAL,UNICA,URBANO,N,ACADÉMICO,MIXTO,S,No,0,181
17.0,,,Secundaria (Bachillerato) completa,3 a 4,Tres,M,,Si,Si,Si,OFICIAL,MAÑANA,URBANO,N,TÉCNICO/ACADÉMICO,MIXTO,S,Sí,1,335
17.0,Estrato 2,Secundaria (Bachillerato) incompleta,Secundaria (Bachillerato) incompleta,1 a 2,Tres,F,Si,No,No,No,OFICIAL,SABATINA,URBANO,N,TÉCNICO/ACADÉMICO,MIXTO,S,No,0,161
15.0,Estrato 3,Secundaria (Bachillerato) completa,Técnica o tecnológica completa,3 a 4,Tres,F,Si,Si,No,Si,OFICIAL,UNICA,URBANO,N,TÉCNICO/ACADÉMICO,MIXTO,S,Sí,1,360
17.0,Estrato 1,Técnica o tecnológica incompleta,Secundaria (Bachillerato) completa,5 a 6,Tres,F,Si,Si,No,Si,OFICIAL,UNICA,URBANO,N,TÉCNICO/ACADÉMICO,MIXTO,S,Sí,0,237
17.0,Estrato 2,Educación profesional completa,Técnica o tecnológica completa,3 a 4,Tres,M,Si,Si,No,Si,OFICIAL,UNICA,URBANO,N,TÉCNICO/ACADÉMICO,MIXTO,S,Sí,1,324
17.0,Estrato 1,Primaria completa,,,Cuatro,F,Si,No,No,Si,OFICIAL,COMPLETA,URBANO,N,ACADÉMICO,MIXTO,S,No,0,187
16.0,Estrato 2,Educación profesional incompleta,,3 a 4,Cuatro,M,Si,Si,No,Si,OFICIAL,UNICA,URBANO,N,TÉCNICO/ACADÉMICO,MIXTO,S,Sí,1,326
16.0,Estrato 3,Técnica o tecnológica completa,Secundaria (Bachillerato) completa,3 a 4,Dos,M,Si,Si,No,Si,OFICIAL,MAÑANA,URBANO,N,ACADÉMICO,MIXTO,S,Sí,1,348
16.0,Estrato 2,Secundaria (Bachillerato) incompleta,Primaria incompleta,3 a 4,Tres,F,Si,Si,No,Si,OFICIAL,TARDE,RURAL,N,ACADÉMICO,MIXTO,S,No,0,244
17.0,Estrato 2,Técnica o tecnológica completa,Técnica o tecnológica completa,5 a 6,Tres,F,Si,Si,No,Si,OFICIAL,UNICA,URBANO,N,TÉCNICO/ACADÉMICO,MIXTO,S,Sí,0,269
17.0,Estrato 3,Secundaria (Bachillerato) incompleta,Primaria completa,,,F,Si,,,,OFICIAL,COMPLETA,URBANO,N,TÉCNICO/ACADÉMICO,MIXTO,S,No,0,289
23.0,Estrato 2,Primaria completa,Primaria completa,3 a 4,Tres,F,No,No,No,No,OFICIAL,SABATINA,URBANO,N,TÉCNICO/ACADÉMICO,MIXTO,S,No,0,236
16.0,Estrato 2,Secundaria (Bachillerato) completa,Secundaria (Bachillerato) incompleta,3 a 4,Dos,F,Si,No,No,Si,OFICIAL,UNICA,URBANO,N,TÉCNICO/ACADÉMICO,MIXTO,S,Sí,0,229
19.0,Estrato 2,Primaria incompleta,Primaria incompleta,5 a 6,Dos,F,No,Si,No,Si,OFICIAL,TARDE,URBANO,N,ACADÉMICO,MIXTO,S,No,0,255
16.0,Estrato 2,Secundaria (Bachillerato) incompleta,Secundaria (Bachillerato) incompleta,1 a 2,Dos,M,No,Si,No,Si,OFICIAL,UNICA,URBANO,N,ACADÉMICO,MIXTO,S,Sí,0,292
17.0,Estrato 1,Técnica o tecnológica completa,Secundaria (Bachillerato) incompleta,5 a 6,Tres,F,No,Si,No,Si,OFICIAL,MAÑANA,URBANO,N,ACADÉMICO,MIXTO,S,Sí,1,312
17.0,Estrato 2,Primaria completa,Primaria incompleta,3 a 4,Dos,F,No,Si,No,Si,OFICIAL,MAÑANA,URBANO,N,ACADÉMICO,MIXTO,S,Sí,1,311
16.0,,,,3 a 4,Tres,F,,Si,Si,Si,OFICIAL,MAÑANA,URBANO,,TÉCNICO/ACADÉMICO,MIXTO,S,Sí,0,218
17.0,Estrato 4,Educación profesional completa,Secundaria (Bachillerato) completa,1 a 2,Dos,M,Si,Si,Si,Si,NO OFICIAL,COMPLETA,URBANO,N,ACADÉMICO,MIXTO,S,Sí,0,270
18.0,Estrato 2,Primaria completa,Ninguno,1 a 2,Uno,F,No,Si,Si,Si,NO OFICIAL,SABATINA,URBANO,N,TÉCNICO/ACADÉMICO,MIXTO,S,Sí,0,182
18.0,,,,3 a 4,Tres,M,,Si,No,Si,OFICIAL,MAÑANA,URBANO,N,TÉCNICO/ACADÉMICO,MIXTO,S,Sí,0,230
17.0,Estrato 2,Educación profesional completa,Educación profesional completa,7 a 8,Dos,M,Si,No,No,Si,OFICIAL,MAÑANA,URBANO,N,ACADÉMICO,MIXTO,S,Sí,0,295
19.0,Estrato 2,Secundaria (Bachillerato) incompleta,Secundaria (Bachillerato) completa,5 a 6,Tres,M,Si,Si,No,Si,OFICIAL,UNICA,URBANO,N,TÉCNICO/ACADÉMICO,MIXTO,S,Sí,0,273
18.0,Estrato 3,Secundaria (Bachillerato) completa,Secundaria (Bachillerato) completa,7 a 8,Tres,M,No,Si,Si,Si,NO OFICIAL,MAÑANA,URBANO,,,MIXTO,S,Sí,0,190
17.0,Estrato 1,Primaria completa,Primaria incompleta,7 a 8,Dos,F,No,No,No,No,OFICIAL,COMPLETA,RURAL,N,TÉCNICO/ACADÉMICO,MIXTO,N,No,0,247
17.0,Estrato 2,Secundaria (Bachillerato) incompleta,Primaria completa,7 a 8,Tres,M,Si,Si,No,No,OFICIAL,UNICA,URBANO,N,TÉCNICO/ACADÉMICO,MIXTO,S,Sí,0,246
18.0,Estrato 1,Secundaria (Bachillerato) completa,Secundaria (Bachillerato) completa,5 a 6,Tres,F,No,No,No,No,OFICIAL,COMPLETA,URBANO,N,ACADÉMICO,MIXTO,S,No,0,230
19.0,Estrato 3,Primaria incompleta,Primaria incompleta,3 a 4,Tres,F,Si,Si,No,Si,OFICIAL,UNICA,URBANO,N,TÉCNICO,MIXTO,S,Sí,0,254
18.0,Estrato 2,Secundaria (Bachillerato) completa,,1 a 2,Uno,F,Si,Si,Si,Si,OFICIAL,MAÑANA,URBANO,N,TÉCNICO/ACADÉMICO,MIXTO,S,Sí,0,208
17.0,Estrato 3,Educación profesional completa,Educación profesional completa,1 a 2,Dos,M,Si,Si,Si,Si,NO OFICIAL,COMPLETA,RURAL,N,ACADÉMICO,MIXTO,S,Sí,0,292
17.0,Estrato 3,Secundaria (Bachillerato) completa,Secundaria (Bachillerato) completa,3 a 4,Dos,F,Si,Si,No,Si,OFICIAL,UNICA,URBANO,N,TÉCNICO/ACADÉMICO,MIXTO,S,No,1,316
16.0,Estrato 3,Secundaria (Bachillerato) incompleta,Primaria incompleta,7 a 8,Cuatro,F,Si,Si,No,No,OFICIAL,TARDE,URBANO,N,TÉCNICO,MIXTO,S,No,0,267
17.0,,,,,,F,,,,,NO OFICIAL,MAÑANA,URBANO,,ACADÉMICO,MIXTO,S,Sí,0,185
17.0,Estrato 4,Educación profesional completa,Secundaria (Bachillerato) completa,3 a 4,Tres,F,Si,Si,Si,Si,OFICIAL,UNICA,URBANO,N,TÉCNICO/ACADÉMICO,MIXTO,S,Sí,0,284
16.0,Estrato 3,Primaria completa,Secundaria (Bachillerato) incompleta,3 a 4,Tres,M,No,No,No,Si,OFICIAL,MAÑANA,URBANO,N,TÉCNICO/ACADÉMICO,MIXTO,S,No,1,306
16.0,Estrato 2,Secundaria (Bachillerato) completa,Primaria incompleta,3 a 4,Dos,F,No,No,No,Si,OFICIAL,COMPLETA,RURAL,,ACADÉMICO,MIXTO,S,No,0,267
16.0,Estrato 2,Secundaria (Bachillerato) incompleta,Secundaria (Bachillerato) incompleta,5 a 6,Tres,F,Si,Si,No,Si,OFICIAL,MAÑANA,URBANO,N,TÉCNICO/ACADÉMICO,MIXTO,S,Sí,1,307
18.0,Estrato 3,Primaria completa,Primaria incompleta,3 a 4,Tres,M,No,No,No,No,OFICIAL,COMPLETA,RURAL,N,TÉCNICO/ACADÉMICO,MIXTO,N,No,0,200
16.0,Estrato 2,Educación profesional completa,Educación profesional completa,3 a 4,Tres,F,Si,Si,No,Si,OFICIAL,UNICA,URBANO,N,TÉCNICO,MIXTO,S,Sí,0,238
16.0,Estrato 3,Educación profesional completa,Secundaria (Bachillerato) completa,1 a 2,Dos,M,Si,Si,No,Si,NO OFICIAL,TARDE,URBANO,N,TÉCNICO/ACADÉMICO,MIXTO,S,No,0,224
18.0,Sin Estrato,Primaria incompleta,Secundaria (Bachillerato) completa,3 a 4,Dos,M,Si,Si,Si,Si,NO OFICIAL,MAÑANA,URBANO,N,ACADÉMICO,MIXTO,S,Sí,0,188
17.0,Estrato 2,Primaria incompleta,Primaria incompleta,1 a 2,Dos,F,No,No,No,No,NO OFICIAL,MAÑANA,URBANO,N,ACADÉMICO,MIXTO,S,Sí,0,189
18.0,Estrato 2,Primaria incompleta,Primaria incompleta,3 a 4,Dos,F,Si,Si,No,Si,OFICIAL,UNICA,URBANO,N,TÉCNICO/ACADÉMICO,MIXTO,S,Sí,0,208
17.0,Estrato 1,Secundaria (Bachillerato) incompleta,Primaria incompleta,1 a 2,Uno,F,Si,No,No,No,OFICIAL,SABATINA,URBANO,N,ACADÉMICO,MIXTO,S,No,0,182
16.0,Estrato 2,Secundaria (Bachillerato) completa,Secundaria (Bachillerato) incompleta,5 a 6,Tres,F,Si,Si,Si,Si,OFICIAL,COMPLETA,URBANO,N,TÉCNICO/ACADÉMICO,MIXTO,S,No,0,256
17.0,Estrato 2,Primaria incompleta,Primaria incompleta,3 a 4,Dos,M,Si,Si,No,Si,NO OFICIAL,SABATINA,URBANO,,ACADÉMICO,MIXTO,S,No,0,254
17.0,Estrato 3,Secundaria (Bachillerato) completa,Secundaria (Bachillerato) incompleta,1 a 2,Dos,F,Si,Si,No,No,OFICIAL,UNICA,URBANO,N,TÉCNICO/ACADÉMICO,MIXTO,S,Sí,0,200
16.0,Estrato 2,Secundaria (Bachillerato) completa,Secundaria (Bachillerato) completa,3 a 4,Dos,M,Si,Si,No,No,OFICIAL,UNICA,URBANO,N,ACADÉMICO,MIXTO,S,Sí,0,256
17.0,Estrato 2,Primaria incompleta,Primaria completa,3 a 4,Tres,F,No,No,No,Si,NO OFICIAL,SABATINA,URBANO,N,ACADÉMICO,MIXTO,S,Sí,0,183
16.0,Estrato 4,Secundaria (Bachillerato) completa,Secundaria (Bachillerato) completa,1 a 2,Dos,M,Si,Si,Si,Si,NO OFICIAL,UNICA,RURAL,N,ACADÉMICO,MIXTO,S,Sí,1,312
16.0,Estrato 4,Educación profesional completa,Educación profesional completa,3 a 4,Tres,F,Si,Si,Si,Si,NO OFICIAL,COMPLETA,RURAL,N,ACADÉMICO,MIXTO,S,Sí,1,301
16.0,,,Educación profesional completa,3 a 4,Dos,F,Si,,No,Si,OFICIAL,UNICA,URBANO,N,TÉCNICO/ACADÉMICO,FEMENINO,S,Sí,0,288
17.0,Estrato 2,Secundaria (Bachillerato) incompleta,Técnica o tecnológica completa,5 a 6,Tres,F,Si,No,No,No,NO OFICIAL,SABATINA,URBANO,N,TÉCNICO/ACADÉMICO,MIXTO,S,Sí,0,194
15.0,Estrato 2,Secundaria (Bachillerato) completa,Secundaria (Bachillerato) completa,3 a 4,Tres,F,No,Si,No,Si,OFICIAL,MAÑANA,RURAL,N,TÉCNICO/ACADÉMICO,MIXTO,S,Sí,0,230
19.0,Estrato 1,Secundaria (Bachillerato) completa,Secundaria (Bachillerato) completa,,,F,No,,,,OFICIAL,COMPLETA,URBANO,N,TÉCNICO/ACADÉMICO,MIXTO,S,No,0,217
19.0,Estrato 3,Primaria completa,Secundaria (Bachillerato) incompleta,3 a 4,Tres,F,No,No,No,Si,OFICIAL,COMPLETA,URBANO,N,ACADÉMICO,MIXTO,S,No,0,235
16.0,Estrato 3,Secundaria (Bachillerato) completa,Secundaria (Bachillerato) completa,3 a 4,Tres,F,Si,Si,No,Si,OFICIAL,UNICA,URBANO,,,MIXTO,S,Sí,0,252
16.0,Estrato 1,Secundaria (Bachillerato) completa,Primaria completa,3 a 4,Dos,F,No,Si,No,Si,OFICIAL,UNICA,URBANO,N,TÉCNICO/ACADÉMICO,MIXTO,S,Sí,0,253
17.0,Estrato 3,Primaria completa,Primaria completa,3 a 4,Tres,F,Si,Si,No,No,OFICIAL,UNICA,URBANO,N,ACADÉMICO,MIXTO,S,Sí,0,190
17.0,Estrato 5,Secundaria (Bachillerato) completa,Primaria incompleta,3 a 4,Dos,M,No,No,Si,Si,OFICIAL,COMPLETA,RURAL,N,TÉCNICO,MIXTO,S,No,0,208
17.0,,,,,,F,,,,,OFICIAL,UNICA,URBANO,N,TÉCNICO/ACADÉMICO,MIXTO,S,Sí,0,227
16.0,Estrato 3,,,1 a 2,Tres,F,Si,Si,No,Si,NO OFICIAL,COMPLETA,URBANO,N,ACADÉMICO,MIXTO,S,Sí,0,246
16.0,Estrato 2,Técnica o tecnológica completa,Secundaria (Bachillerato) incompleta,1 a 2,Uno,F,Si,No,No,No,OFICIAL,UNICA,URBANO,N,TÉCNICO/ACADÉMICO,MIXTO,S,Sí,0,280
28.0,,,,,,F,,,,,NO OFICIAL,SABATINA,URBANO,N,TÉCNICO/ACADÉMICO,MIXTO,S,Sí,0,200
21.0,Estrato 2,Secundaria (Bachillerato) incompleta,Secundaria (Bachillerato) incompleta,3 a 4,Cuatro,M,Si,Si,No,Si,OFICIAL,NOCHE,URBANO,N,TÉCNICO/ACADÉMICO,MIXTO,S,Sí,0,216
16.0,Estrato 3,Primaria incompleta,,3 a 4,Dos,M,Si,Si,No,Si,OFICIAL,UNICA,URBANO,,ACADÉMICO,MIXTO,S,Sí,1,353
,,,,,,F,,,,,OFICIAL,SABATINA,URBANO,N,TÉCNICO/ACADÉMICO,MIXTO,S,No,0,179
17.0,Estrato 3,Secundaria (Bachillerato) completa,,3 a 4,Dos,F,Si,Si,No,Si,OFICIAL,UNICA,RURAL,N,TÉCNICO/ACADÉMICO,MIXTO,S,Sí,1,321
17.0,Sin Estrato,,,3 a 4,Tres,F,No,No,No,Si,NO OFICIAL,MAÑANA,URBANO,,NO APLICA,MIXTO,S,Sí,0,210
16.0,,,,7 a 8,Cuatro,M,,Si,No,Si,OFICIAL,UNICA,URBANO,N,ACADÉMICO,MIXTO,N,Sí,0,257
17.0,Estrato 1,Secundaria (Bachillerato) completa,,5 a 6,Dos,F,Si,No,No,No,OFICIAL,MAÑANA,URBANO,N,ACADÉMICO,MIXTO,S,Sí,0,276
17.0,Estrato 3,Técnica o tecnológica completa,Secundaria (Bachillerato) completa,3 a 4,Tres,M,Si,Si,Si,Si,NO OFICIAL,MAÑANA,URBANO,,NO APLICA,MIXTO,S,Sí,0,174
17.0,Estrato 2,Secundaria (Bachillerato) completa,Secundaria (Bachillerato) completa,3 a 4,Tres,M,Si,Si,No,Si,OFICIAL,TARDE,URBANO,N,ACADÉMICO,MIXTO,S,Sí,1,309
16.0,Estrato 3,Secundaria (Bachillerato) completa,Secundaria (Bachillerato) completa,3 a 4,Tres,M,Si,Si,No,Si,NO OFICIAL,COMPLETA,URBANO,N,ACADÉMICO,MIXTO,S,Sí,1,300
16.0,Estrato 3,Secundaria (Bachillerato) completa,Secundaria (Bachillerato) completa,1 a 2,Dos,F,Si,Si,No,Si,OFICIAL,MAÑANA,URBANO,N,TÉCNICO/ACADÉMICO,MIXTO,S,Sí,0,256
18.0,Estrato 1,Técnica o tecnológica completa,,3 a 4,Dos,M,No,No,No,Si,OFICIAL,SABATINA,URBANO,N,TÉCNICO,MIXTO,S,Sí,0,259
17.0,Estrato 3,Secundaria (Bachillerato) incompleta,Secundaria (Bachillerato) completa,3 a 4,Tres,F,Si,Si,Si,Si,OFICIAL,UNICA,URBANO,N,TÉCNICO/ACADÉMICO,MIXTO,S,Sí,1,333
18.0,Estrato 2,Secundaria (Bachillerato) incompleta,Secundaria (Bachillerato) incompleta,3 a 4,Cuatro,M,Si,Si,Si,Si,OFICIAL,UNICA,URBANO,N,TÉCNICO/ACADÉMICO,MIXTO,S,Sí,0,176
16.0,Estrato 2,Secundaria (Bachillerato) completa,Secundaria (Bachillerato) incompleta,5 a 6,Cinco,F,Si,Si,Si,Si,OFICIAL,MAÑANA,URBANO,N,TÉCNICO/ACADÉMICO,MIXTO,S,Sí,0,226
18.0,Estrato 4,Primaria completa,Ninguno,3 a 4,Tres,M,Si,Si,No,Si,OFICIAL,MAÑANA,URBANO,N,TÉCNICO/ACADÉMICO,MIXTO,S,No,0,190
18.0,Estrato 3,Primaria completa,Secundaria (Bachillerato) completa,5 a 6,Cuatro,F,Si,Si,No,No,NO OFICIAL,TARDE,URBANO,,ACADÉMICO,MIXTO,S,Sí,0,213
22.0,Estrato 2,Técnica o tecnológica incompleta,Primaria incompleta,5 a 6,Cinco,M,No,Si,No,No,OFICIAL,NOCHE,URBANO,N,ACADÉMICO,MIXTO,S,No,0,173
17.0,Estrato 3,Postgrado,Educación profesional completa,3 a 4,Tres,M,Si,Si,Si,Si,OFICIAL,MAÑANA,URBANO,N,ACADÉMICO,MIXTO,S,Sí,1,327
16.0,Estrato 1,Primaria completa,Primaria completa,3 a 4,Cuatro,F,Si,Si,No,Si,OFICIAL,COMPLETA,URBANO,N,ACADÉMICO,MIXTO,S,No,0,223
17.0,Estrato 3,Primaria completa,Primaria completa,,Cinco,M,Si,No,Si,Si,OFICIAL,TARDE,URBANO,N,ACADÉMICO,MIXTO,S,No,0,162
16.0,Estrato 2,,,3 a 4,Dos,F,Si,Si,No,Si,OFICIAL,UNICA,URBANO,N,TÉCNICO/ACADÉMICO,MIXTO,S,Sí,1,307
16.0,Estrato 3,Secundaria (Bachillerato) completa,,7 a 8,Tres,M,Si,Si,No,Si,OFICIAL,UNICA,URBANO,N,TÉCNICO/ACADÉMICO,MIXTO,S,Sí,0,298
18.0,Estrato 3,Secundaria (Bachillerato) completa,Primaria completa,9 o más,Cinco,M,Si,No,No,No,NO OFICIAL,SABATINA,URBANO,N,TÉCNICO/ACADÉMICO,MIXTO,S,Sí,0,220
16.0,Estrato 3,Secundaria (Bachillerato) completa,Secundaria (Bachillerato) completa,3 a 4,Dos,M,Si,Si,No,Si,NO OFICIAL,MAÑANA,URBANO,N,ACADÉMICO,MIXTO,S,Sí,1,313
16.0,Estrato 2,Secundaria (Bachillerato) completa,Secundaria (Bachillerato) completa,3 a 4,Tres,M,Si,No,No,Si,NO OFICIAL,COMPLETA,RURAL,N,ACADÉMICO,MIXTO,S,No,0,296
15.0,Estrato 3,Técnica o tecnológica completa,Secundaria (Bachillerato) incompleta,3 a 4,Cinco,F,Si,Si,Si,Si,NO OFICIAL,COMPLETA,URBANO,N,ACADÉMICO,MIXTO,S,Sí,0,241
17.0,Estrato 1,Primaria incompleta,Secundaria (Bachillerato) completa,5 a 6,Tres,F,No,Si,No,Si,OFICIAL,UNICA,URBANO,N,TÉCNICO/ACADÉMICO,MIXTO,S,Sí,0,235
18.0,Estrato 2,Primaria completa,Primaria completa,3 a 4,Tres,F,Si,,,Si,OFICIAL,SABATINA,URBANO,N,ACADÉMICO,MIXTO,S,No,0,228
17.0,Estrato 2,Secundaria (Bachillerato) completa,Primaria completa,1 a 2,Dos,F,Si,Si,No,Si,OFICIAL,UNICA,URBANO,N,ACADÉMICO,MIXTO,S,Sí,0,242
17.0,Estrato 3,Educación profesional completa,Técnica o tecnológica completa,3 a 4,Tres,F,Si,Si,No,Si,OFICIAL,SABATINA,URBANO,N,ACADÉMICO,MIXTO,S,Sí,0,232
16.0,Estrato 2,Secundaria (Bachillerato) completa,Secundaria (Bachillerato) completa,3 a 4,Dos,M,Si,No,No,Si,OFICIAL,MAÑANA,URBANO,,ACADÉMICO,MIXTO,S,Sí,0,264
16.0,Estrato 2,Técnica o tecnológica completa,Técnica o tecnológica incompleta,5 a 6,Dos,F,Si,Si,No,Si,OFICIAL,MAÑANA,URBANO,N,ACADÉMICO,MIXTO,S,No,1,327
18.0,,,,,,M,,Si,,,OFICIAL,SABATINA,URBANO,N,ACADÉMICO,MIXTO,S,Sí,0,185
17.0,Estrato 2,Secundaria (Bachillerato) completa,Secundaria (Bachillerato) completa,5 a 6,Cuatro,F,Si,Si,Si,Si,OFICIAL,UNICA,URBANO,N,TÉCNICO/ACADÉMICO,MIXTO,S,Sí,0,200
17.0,Estrato 3,Primaria completa,Primaria completa,5 a 6,Cuatro,F,Si,Si,Si,Si,OFICIAL,COMPLETA,URBANO,N,TÉCNICO/ACADÉMICO,MIXTO,S,No,1,307
16.0,Estrato 3,Secundaria (Bachillerato) completa,Secundaria (Bachillerato) completa,5 a 6,Cuatro,F,Si,Si,No,Si,OFICIAL,MAÑANA,URBANO,N,ACADÉMICO,FEMENINO,S,Sí,1,330
18.0,Estrato 2,Secundaria (Bachillerato) completa,,1 a 2,Dos,M,Si,Si,No,Si,OFICIAL,UNICA,URBANO,N,TÉCNICO/ACADÉMICO,MIXTO,S,Sí,0,233
17.0,Estrato 3,Técnica o tecnológica completa,Secundaria (Bachillerato) completa,3 a 4,Dos,M,Si,Si,No,Si,OFICIAL,UNICA,URBANO,N,TÉCNICO/ACADÉMICO,MIXTO,S,Sí,1,312
17.0,Estrato 3,Secundaria (Bachillerato) incompleta,Secundaria (Bachillerato) completa,3 a 4,Dos,F,Si,Si,Si,Si,OFICIAL,UNICA,URBANO,N,TÉCNICO/ACADÉMICO,MIXTO,S,Sí,1,322
18.0,Estrato 5,Primaria completa,Secundaria (Bachillerato) completa,1 a 2,Cuatro,F,Si,Si,Si,Si,OFICIAL,MAÑANA,URBANO,N,TÉCNICO/ACADÉMICO,MIXTO,S,Sí,0,164
15.0,Estrato 2,Secundaria (Bachillerato) completa,Secundaria (Bachillerato) incompleta,3 a 4,Dos,M,Si,No,No,Si,OFICIAL,MAÑANA,URBANO,N,ACADÉMICO,MIXTO,S,No,0,293
16.0,Estrato 2,Secundaria (Bachillerato) completa,Secundaria (Bachillerato) completa,3 a 4,Dos,M,Si,No,No,No,OFICIAL,UNICA,URBANO,N,TÉCNICO/ACADÉMICO,MIXTO,S,Sí,0,297
21.0,Sin Estrato,Primaria completa,Secundaria (Bachillerato) completa,3 a 4,Cinco,M,No,Si,No,No,OFICIAL,COMPLETA,RURAL,,,MIXTO,S,No,0,160
17.0,Estrato 2,Secundaria (Bachillerato) completa,Secundaria (Bachillerato) completa,3 a 4,Tres,M,Si,No,No,Si,OFICIAL,UNICA,URBANO,N,ACADÉMICO,MIXTO,S,Sí,0,240
17.0,Estrato 1,Secundaria (Bachillerato) completa,Primaria incompleta,3 a 4,Dos,F,Si,No,No,No,NO OFICIAL,MAÑANA,URBANO,,ACADÉMICO,MIXTO,S,Sí,0,218
16.0,Estrato 3,Técnica o tecnológica completa,Secundaria (Bachillerato) incompleta,3 a 4,Dos,M,No,No,No,Si,OFICIAL,COMPLETA,RURAL,,ACADÉMICO,MIXTO,S,No,0,226
16.0,Estrato 1,Secundaria (Bachillerato) completa,,3 a 4,Tres,M,Si,No,No,Si,OFICIAL,MAÑANA,URBANO,N,ACADÉMICO,MIXTO,S,Sí,0,221
18.0,Estrato 5,Educación profesional completa,Técnica o tecnológica completa,3 a 4,Tres,M,Si,Si,Si,Si,NO OFICIAL,MAÑANA,URBANO,,ACADÉMICO,MIXTO,S,Sí,0,234
30.0,Estrato 1,Primaria incompleta,Primaria incompleta,7 a 8,Tres,F,Si,No,Si,Si,OFICIAL,NOCHE,RURAL,N,ACADÉMICO,MIXTO,S,No,0,188
17.0,Estrato 3,Secundaria (Bachillerato) completa,Secundaria (Bachillerato) incompleta,5 a 6,Cuatro,F,Si,Si,No,No,OFICIAL,MAÑANA,URBANO,N,ACADÉMICO,MIXTO,S,Sí,0,169
18.0,Estrato 2,Primaria completa,Primaria completa,5 a 6,Dos,F,No,No,No,No,NO OFICIAL,COMPLETA,URBANO,N,ACADÉMICO,FEMENINO,S,Sí,0,233
17.0,Estrato 3,Secundaria (Bachillerato) incompleta,Secundaria (Bachillerato) completa,1 a 2,Dos,F,Si,No,No,Si,OFICIAL,UNICA,URBANO,N,TÉCNICO/ACADÉMICO,MIXTO,S,Sí,0,245
18.0,Estrato 2,Secundaria (Bachillerato) completa,,3 a 4,Tres,M,Si,Si,No,Si,OFICIAL,UNICA,URBANO,,ACADÉMICO,MIXTO,S,Sí,0,229
16.0,Estrato 2,Primaria incompleta,,3 a 4,Dos,F,Si,No,No,No,OFICIAL,MAÑANA,URBANO,N,ACADÉMICO,MIXTO,S,No,0,215
16.0,Estrato 6,Secundaria (Bachillerato) completa,Primaria completa,3 a 4,Tres,M,Si,No,No,Si,OFICIAL,COMPLETA,URBANO,N,ACADÉMICO,MIXTO,S,No,0,210
16.0,Estrato 5,Educación profesional completa,Educación profesional completa,3 a 4,Tres,M,Si,Si,Si,Si,NO OFICIAL,COMPLETA,URBANO,N,ACADÉMICO,MIXTO,S,Sí,1,312
17.0,Estrato 3,Técnica o tecnológica completa,Técnica o tecnológica completa,5 a 6,Cuatro,F,Si,Si,No,Si,OFICIAL,UNICA,URBANO,N,TÉCNICO,MIXTO,S,Sí,0,222
16.0,Sin Estrato,Secundaria (Bachillerato) completa,Secundaria (Bachillerato) completa,3 a 4,Dos,M,Si,No,No,Si,OFICIAL,COMPLETA,RURAL,N,ACADÉMICO,MIXTO,S,No,1,310
16.0,Estrato 3,Educación profesional completa,Secundaria (Bachillerato) completa,3 a 4,Dos,M,Si,Si,Si,Si,NO OFICIAL,MAÑANA,URBANO,N,ACADÉMICO,MIXTO,S,Sí,1,311
17.0,Estrato 2,Primaria completa,Primaria incompleta,3 a 4,Tres,F,Si,Si,No,Si,OFICIAL,SABATINA,URBANO,N,TÉCNICO,MIXTO,N,No,0,249
17.0,Estrato 1,Educación profesional completa,Secundaria (Bachillerato) incompleta,1 a 2,Dos,M,Si,Si,No,Si,NO OFICIAL,COMPLETA,URBANO,N,ACADÉMICO,MIXTO,S,No,1,322
28.0,Estrato 1,Primaria incompleta,Primaria incompleta,3 a 4,Dos,F,No,No,No,No,OFICIAL,SABATINA,URBANO,N,ACADÉMICO,MIXTO,S,No,0,203
16.0,Estrato 2,Secundaria (Bachillerato) incompleta,Ninguno,1 a 2,Dos,F,No,Si,No,Si,OFICIAL,UNICA,URBANO,N,TÉCNICO/ACADÉMICO,MIXTO,S,Sí,0,213
16.0,Estrato 1,Educación profesional completa,Secundaria (Bachillerato) completa,5 a 6,Cinco,F,Si,Si,Si,Si,OFICIAL,COMPLETA,RURAL,,ACADÉMICO,MIXTO,S,No,1,308
17.0,Estrato 1,Secundaria (Bachillerato) completa,Primaria incompleta,5 a 6,Dos,F,No,Si,No,Si,OFICIAL,UNICA,URBANO,N,TÉCNICO/ACADÉMICO,MIXTO,S,Sí,0,270
16.0,Estrato 2,Secundaria (Bachillerato) completa,Primaria incompleta,5 a 6,Cuatro,M,Si,No,No,Si,OFICIAL,TARDE,URBANO,N,TÉCNICO/ACADÉMICO,MIXTO,S,Sí,0,271
18.0,Estrato 1,Secundaria (Bachillerato) incompleta,Ninguno,3 a 4,Tres,M,No,No,No,No,NO OFICIAL,SABATINA,URBANO,N,ACADÉMICO,MIXTO,S,Sí,0,288
17.0,Estrato 4,Educación profesional completa,Educación profesional completa,1 a 2,Dos,F,Si,Si,Si,Si,OFICIAL,UNICA,URBANO,N,TÉCNICO/ACADÉMICO,MIXTO,S,Sí,1,303
19.0,,,,,,M,,,,,OFICIAL,TARDE,RURAL,,ACADÉMICO,MIXTO,S,Sí,0,208
17.0,,,,,,F,,,,,OFICIAL,TARDE,RURAL,,ACADÉMICO,MIXTO,S,No,0,233
17.0,Estrato 2,Secundaria (Bachillerato) incompleta,Secundaria (Bachillerato) completa,1 a 2,Dos,M,No,No,No,No,OFICIAL,UNICA,URBANO,,ACADÉMICO,MIXTO,S,Sí,0,217
16.0,Estrato 3,Secundaria (Bachillerato) completa,Secundaria (Bachillerato) incompleta,3 a 4,Dos,F,Si,Si,No,Si,OFICIAL,MAÑANA,URBANO,N,ACADÉMICO,MIXTO,S,Sí,0,298
18.0,Estrato 1,Secundaria (Bachillerato) incompleta,,3 a 4,Dos,M,No,No,No,No,NO OFICIAL,SABATINA,URBANO,N,ACADÉMICO,MIXTO,S,Sí,0,168
20.0,Estrato 3,Secundaria (Bachillerato) incompleta,Secundaria (Bachillerato) incompleta,3 a 4,Dos,F,Si,No,Si,Si,OFICIAL,UNICA,URBANO,N,TÉCNICO/ACADÉMICO,MIXTO,S,Sí,0,207
18.0,Estrato 1,Técnica o tecnológica completa,Secundaria (Bachillerato) completa,3 a 4,Dos,F,No,No,No,No,OFICIAL,MAÑANA,URBANO,N,ACADÉMICO,MIXTO,S,No,0,255
17.0,Estrato 2,Secundaria (Bachillerato) incompleta,Secundaria (Bachillerato) completa,3 a 4,Dos,F,No,Si,No,No,OFICIAL,MAÑANA,URBANO,,,MIXTO,S,Sí,0,217
18.0,Estrato 3,Educación profesional completa,,1 a 2,Uno,F,Si,No,No,Si,NO OFICIAL,TARDE,URBANO,N,ACADÉMICO,MIXTO,S,Sí,0,197
16.0,Estrato 3,,,3 a 4,Dos,M,Si,Si,Si,Si,OFICIAL,MAÑANA,URBANO,N,ACADÉMICO,MIXTO,S,Sí,1,329
17.0,Estrato 1,Secundaria (Bachillerato) completa,Primaria incompleta,3 a 4,Dos,F,Si,No,No,Si,OFICIAL,COMPLETA,RURAL,N,ACADÉMICO,MIXTO,S,No,1,318
17.0,Estrato 3,Técnica o tecnológica completa,Secundaria (Bachillerato) completa,3 a 4,Uno,M,Si,Si,Si,Si,OFICIAL,MAÑANA,URBANO,N,ACADÉMICO,MIXTO,S,No,0,250
17.0,Estrato 4,Postgrado,Postgrado,3 a 4,Tres,M,Si,Si,Si,Si,NO OFICIAL,MAÑANA,URBANO,N,ACADÉMICO,MIXTO,S,Sí,1,327
17.0,,,,1 a 2,Uno,M,,No,No,No,OFICIAL,COMPLETA,URBANO,N,TÉCNICO/ACADÉMICO,MIXTO,S,No,0,288
17.0,Estrato 1,Educación profesional incompleta,,3 a 4,Dos,F,Si,Si,Si,Si,OFICIAL,UNICA,URBANO,N,ACADÉMICO,MIXTO,S,Sí,0,261
17.0,Estrato 3,Secundaria (Bachillerato) completa,Secundaria (Bachillerato) completa,9 o más,Cuatro,M,Si,Si,Si,Si,OFICIAL,UNICA,RURAL,,TÉCNICO/ACADÉMICO,MIXTO,N,Sí,0,275
17.0,Estrato 4,Secundaria (Bachillerato) incompleta,Educación profesional incompleta,5 a 6,Tres,F,Si,Si,Si,Si,NO OFICIAL,COMPLETA,URBANO,N,ACADÉMICO,FEMENINO,S,Sí,1,338
16.0,Estrato 3,Secundaria (Bachillerato) completa,Secundaria (Bachillerato) completa,3 a 4,Tres,M,Si,Si,No,Si,OFICIAL,MAÑANA,URBANO,,ACADÉMICO,MIXTO,S,Sí,0,235
16.0,Estrato 2,Secundaria (Bachillerato) completa,Ninguno,5 a 6,Cuatro,F,Si,No,No,No,NO OFICIAL,MAÑANA,URBANO,N,ACADÉMICO,MIXTO,S,Sí,0,244
24.0,Estrato 1,Primaria incompleta,Ninguno,1 a 2,Uno,F,No,No,No,No,OFICIAL,SABATINA,URBANO,N,ACADÉMICO,MIXTO,S,No,0,266
18.0,Estrato 3,Secundaria (Bachillerato) incompleta,Secundaria (Bachillerato) incompleta,5 a 6,Cuatro,F,Si,Si,Si,Si,OFICIAL,SABATINA,URBANO,N,TÉCNICO/ACADÉMICO,MIXTO,S,Sí,0,211
16.0,Estrato 2,Secundaria (Bachillerato) completa,Secundaria (Bachillerato) completa,5 a 6,Dos,F,Si,Si,No,Si,OFICIAL,MAÑANA,URBANO,,ACADÉMICO,MIXTO,S,Sí,0,185
17.0,Estrato 2,Primaria incompleta,Primaria incompleta,3 a 4,Dos,F,Si,No,No,Si,OFICIAL,TARDE,URBANO,N,ACADÉMICO,MIXTO,S,No,0,293
17.0,Estrato 2,Primaria incompleta,Postgrado,3 a 4,Tres,F,Si,Si,No,Si,OFICIAL,MAÑANA,URBANO,N,ACADÉMICO,MIXTO,S,Sí,1,325
18.0,Estrato 1,Secundaria (Bachillerato) incompleta,Primaria completa,,,M,Si,,,,OFICIAL,TARDE,URBANO,N,TÉCNICO/ACADÉMICO,MIXTO,S,Sí,0,214
16.0,Estrato 1,Secundaria (Bachillerato) incompleta,Secundaria (Bachillerato) incompleta,3 a 4,Dos,M,No,No,No,Si,OFICIAL,UNICA,URBANO,N,ACADÉMICO,MIXTO,N,Sí,0,231
22.0,Estrato 2,Técnica o tecnológica completa,Primaria completa,3 a 4,Tres,F,Si,Si,No,Si,NO OFICIAL,SABATINA,URBANO,N,ACADÉMICO,MIXTO,S,Sí,0,178
16.0,Estrato 2,Técnica o tecnológica incompleta,Educación profesional incompleta,9 o más,Seis o mas,M,Si,Si,No,Si,OFICIAL,MAÑANA,URBANO,N,TÉCNICO/ACADÉMICO,MIXTO,S,Sí,0,153
17.0,Estrato 2,Secundaria (Bachillerato) incompleta,Primaria incompleta,3 a 4,Dos,F,No,No,No,Si,OFICIAL,COMPLETA,RURAL,N,ACADÉMICO,MIXTO,S,No,0,231
16.0,Estrato 2,Técnica o tecnológica completa,Secundaria (Bachillerato) completa,,,M,Si,,,,OFICIAL,UNICA,URBANO,N,TÉCNICO/ACADÉMICO,MIXTO,S,Sí,0,244
16.0,Estrato 2,Educación profesional completa,Técnica o tecnológica incompleta,3 a 4,Dos,F,Si,Si,No,Si,OFICIAL,MAÑANA,URBANO,,ACADÉMICO,MIXTO,S,No,0,255
17.0,Estrato 3,Primaria completa,Primaria completa,3 a 4,Tres,F,No,No,No,Si,OFICIAL,COMPLETA,RURAL,,NO APLICA,MIXTO,S,No,0,191
16.0,Estrato 3,Secundaria (Bachillerato) completa,Secundaria (Bachillerato) completa,3 a 4,Uno,F,Si,No,No,No,NO OFICIAL,SABATINA,URBANO,N,ACADÉMICO,MIXTO,S,Sí,0,278
18.0,Estrato 4,,,3 a 4,Tres,M,Si,Si,Si,Si,NO OFICIAL,COMPLETA,URBANO,N,ACADÉMICO,MIXTO,S,No,1,352
16.0,Estrato 2,Secundaria (Bachillerato) incompleta,Primaria completa,1 a 2,Dos,F,Si,No,No,No,OFICIAL,TARDE,URBANO,N,ACADÉMICO,MIXTO,S,No,0,235
16.0,Estrato 2,Secundaria (Bachillerato) completa,Secundaria (Bachillerato) incompleta,3 a 4,Tres,M,Si,No,Si,Si,OFICIAL,MAÑANA,URBANO,N,ACADÉMICO,MIXTO,S,No,0,248
16.0,Estrato 2,Secundaria (Bachillerato) completa,Secundaria (Bachillerato) completa,3 a 4,Dos,M,Si,Si,No,Si,OFICIAL,MAÑANA,URBANO,N,TÉCNICO,MIXTO,S,Sí,0,263
17.0,Estrato 4,Técnica o tecnológica completa,Secundaria (Bachillerato) completa,3 a 4,Cuatro,F,Si,Si,No,Si,NO OFICIAL,UNICA,RURAL,N,ACADÉMICO,MIXTO,S,Sí,0,214
16.0,Estrato 3,Educación profesional completa,Técnica o tecnológica completa,3 a 4,Tres,F,Si,Si,Si,Si,NO OFICIAL,COMPLETA,URBANO,N,TÉCNICO,MIXTO,S,Sí,0,244
17.0,,,,5 a 6,Cuatro,F,Si,No,Si,Si,OFICIAL,MAÑANA,URBANO,N,ACADÉMICO,MIXTO,S,No,0,177
16.0,Estrato 1,Primaria incompleta,Primaria incompleta,3 a 4,Tres,F,No,No,No,Si,OFICIAL,COMPLETA,URBANO,N,ACADÉMICO,MIXTO,S,No,0,250
18.0,Estrato 1,Secundaria (Bachillerato) incompleta,Secundaria (Bachillerato) incompleta,5 a 6,Dos,F,Si,No,No,No,OFICIAL,UNICA,URBANO,,,MIXTO,S,Sí,0,230
18.0,Sin Estrato,,,5 a 6,Dos,F,Si,Si,No,Si,OFICIAL,TARDE,URBANO,N,ACADÉMICO,MIXTO,S,Sí,0,187
16.0,Estrato 3,Técnica o tecnológica completa,Educación profesional completa,5 a 6,Tres,F,Si,Si,Si,Si,OFICIAL,MAÑANA,URBANO,N,ACADÉMICO,MIXTO,S,Sí,0,248
20.0,Estrato 2,Secundaria (Bachillerato) incompleta,Primaria incompleta,3 a 4,Dos,M,Si,Si,No,Si,OFICIAL,MAÑANA,URBANO,N,TÉCNICO/ACADÉMICO,MIXTO,S,Sí,0,196
,,,,,,F,,,,,NO OFICIAL,SABATINA,URBANO,,ACADÉMICO,MIXTO,S,Sí,0,223
17.0,Estrato 3,Técnica o tecnológica completa,,3 a 4,Tres,F,Si,Si,Si,Si,OFICIAL,MAÑANA,URBANO,N,TÉCNICO/ACADÉMICO,MIXTO,N,No,1,349
18.0,Estrato 3,Técnica o tecnológica completa,,3 a 4,Tres,F,Si,Si,No,Si,OFICIAL,UNICA,RURAL,,ACADÉMICO,MIXTO,S,No,0,283
16.0,Estrato 1,Secundaria (Bachillerato) completa,Primaria completa,1 a 2,Dos,M,Si,No,No,Si,OFICIAL,UNICA,RURAL,N,ACADÉMICO,MIXTO,N,No,0,293
17.0,Estrato 2,Técnica o tecnológica incompleta,Técnica o tecnológica incompleta,3 a 4,Dos,M,Si,Si,No,Si,OFICIAL,UNICA,RURAL,,TÉCNICO/ACADÉMICO,MIXTO,S,Sí,0,255
17.0,Estrato 4,Secundaria (Bachillerato) completa,Primaria completa,1 a 2,Dos,M,Si,Si,No,Si,OFICIAL,COMPLETA,RURAL,,,MIXTO,S,No,0,193
16.0,Estrato 1,Secundaria (Bachillerato) incompleta,Primaria incompleta,,,F,Si,,,,OFICIAL,MAÑANA,URBANO,N,ACADÉMICO,MIXTO,S,No,0,241
17.0,Estrato 3,Secundaria (Bachillerato) completa,Educación profesional completa,,,M,Si,,,,OFICIAL,COMPLETA,URBANO,N,TÉCNICO/ACADÉMICO,MIXTO,S,No,1,322
16.0,Estrato 3,Postgrado,Postgrado,3 a 4,Tres,F,Si,Si,Si,Si,OFICIAL,COMPLETA,URBANO,N,ACADÉMICO,MIXTO,S,No,0,227
17.0,Estrato 3,Postgrado,Postgrado,3 a 4,Dos,F,Si,No,No,Si,OFICIAL,SABATINA,URBANO,N,ACADÉMICO,MIXTO,S,Sí,0,190
17.0,Estrato 2,Secundaria (Bachillerato) completa,Primaria incompleta,3 a 4,Dos,F,Si,Si,No,No,OFICIAL,UNICA,URBANO,N,TÉCNICO/ACADÉMICO,MIXTO,S,Sí,0,272
16.0,Estrato 2,Técnica o tecnológica completa,Técnica o tecnológica incompleta,3 a 4,Dos,F,Si,No,No,Si,OFICIAL,UNICA,URBANO,N,TÉCNICO/ACADÉMICO,MIXTO,S,Sí,0,295
16.0,,,,3 a 4,Dos,F,,No,No,Si,OFICIAL,COMPLETA,RURAL,,NO APLICA,MIXTO,N,No,0,169
17.0,Estrato 2,Secundaria (Bachillerato) completa,,1 a 2,Dos,F,Si,Si,No,Si,OFICIAL,UNICA,URBANO,N,ACADÉMICO,MIXTO,S,Sí,0,242
16.0,Estrato 5,Educación profesional completa,Educación profesional completa,5 a 6,Cuatro,M,Si,Si,Si,Si,NO OFICIAL,MAÑANA,URBANO,N,ACADÉMICO,MIXTO,S,Sí,1,355
16.0,Estrato 2,Técnica o tecnológica completa,Técnica o tecnológica completa,3 a 4,Dos,M,Si,Si,No,Si,NO OFICIAL,MAÑANA,URBANO,N,ACADÉMICO,MIXTO,S,Sí,1,326
16.0,Estrato 1,Secundaria (Bachillerato) incompleta,Primaria incompleta,3 a 4,Dos,F,Si,No,No,Si,OFICIAL,MAÑANA,URBANO,N,TÉCNICO/ACADÉMICO,MIXTO,N,No,0,190
16.0,Estrato 2,Secundaria (Bachillerato) completa,Secundaria (Bachillerato) incompleta,3 a 4,Dos,F,Si,No,Si,Si,OFICIAL,TARDE,RURAL,N,ACADÉMICO,MIXTO,S,No,0,261
16.0,Estrato 3,Técnica o tecnológica completa,,3 a 4,Dos,M,Si,Si,No,Si,OFICIAL,UNICA,URBANO,N,TÉCNICO/ACADÉMICO,MIXTO,S,Sí,0,238
18.0,Estrato 5,Secundaria (Bachillerato) completa,Secundaria (Bachillerato) completa,5 a 6,Cuatro,M,No,Si,No,Si,OFICIAL,MAÑANA,RURAL,N,ACADÉMICO,MIXTO,S,No,0,167
18.0,Estrato 2,Secundaria (Bachillerato) incompleta,Primaria incompleta,3 a 4,Tres,F,No,Si,No,Si,OFICIAL,NOCHE,URBANO,N,TÉCNICO/ACADÉMICO,MIXTO,S,Sí,0,192
18.0,Estrato 1,Secundaria (Bachillerato) incompleta,Primaria incompleta,3 a 4,Tres,F,Si,No,No,No,OFICIAL,SABATINA,URBANO,N,ACADÉMICO,MIXTO,S,No,0,210
18.0,Estrato 3,Educación profesional completa,Educación profesional completa,1 a 2,Dos,M,Si,Si,Si,Si,NO OFICIAL,COMPLETA,RURAL,N,ACADÉMICO,MIXTO,S,Sí,1,343
17.0,Estrato 3,Educación profesional completa,Secundaria (Bachillerato) completa,5 a 6,Tres,M,Si,No,Si,Si,NO OFICIAL,MAÑANA,URBANO,N,ACADÉMICO,MIXTO,S,Sí,0,248
17.0,Estrato 2,Secundaria (Bachillerato) incompleta,Secundaria (Bachillerato) completa,3 a 4,Tres,F,Si,No,Si,Si,OFICIAL,TARDE,RURAL,N,TÉCNICO/ACADÉMICO,MIXTO,S,No,1,306
15.0,Estrato 3,Primaria incompleta,Primaria incompleta,3 a 4,Tres,M,Si,Si,Si,Si,NO OFICIAL,MAÑANA,URBANO,N,ACADÉMICO,MIXTO,S,Sí,1,317
16.0,Estrato 4,Postgrado,Postgrado,5 a 6,Cinco,F,Si,Si,No,Si,NO OFICIAL,COMPLETA,URBANO,,,MIXTO,S,Sí,0,250
16.0,Estrato 3,,Secundaria (Bachillerato) completa,5 a 6,Tres,M,Si,Si,No,Si,OFICIAL,MAÑANA,URBANO,,ACADÉMICO,MIXTO,S,Sí,0,297
16.0,Estrato 1,Secundaria (Bachillerato) incompleta,Primaria incompleta,3 a 4,Cuatro,F,Si,No,No,Si,OFICIAL,COMPLETA,URBANO,N,ACADÉMICO,MIXTO,S,No,0,227
17.0,Estrato 2,Secundaria (Bachillerato) incompleta,Secundaria (Bachillerato) incompleta,3 a 4,Dos,M,Si,No,No,Si,OFICIAL,TARDE,URBANO,,TÉCNICO/ACADÉMICO,MIXTO,S,Sí,1,305
18.0,Estrato 1,Secundaria (Bachillerato) completa,Primaria incompleta,5 a 6,Tres,M,Si,No,No,Si,NO OFICIAL,SABATINA,URBANO,N,ACADÉMICO,MIXTO,S,Sí,0,239
20.0,Estrato 1,Primaria completa,Primaria incompleta,5 a 6,Dos,M,No,No,No,Si,OFICIAL,COMPLETA,RURAL,,ACADÉMICO,MIXTO,S,No,0,202
17.0,Estrato 2,Primaria incompleta,Primaria incompleta,3 a 4,Tres,M,Si,Si,No,Si,OFICIAL,SABATINA,RURAL,N,ACADÉMICO,MIXTO,S,No,0,211
17.0,,,,3 a 4,Tres,M,,No,No,Si,NO OFICIAL,MAÑANA,URBANO,N,ACADÉMICO,MIXTO,S,Sí,1,302
16.0,Estrato 3,Educación profesional incompleta,Educación profesional completa,3 a 4,Tres,M,Si,Si,No,Si,OFICIAL,MAÑANA,URBANO,N,ACADÉMICO,MIXTO,S,Sí,1,325
16.0,Estrato 2,Primaria completa,Ninguno,3 a 4,Dos,M,No,No,No,Si,OFICIAL,COMPLETA,RURAL,,,MIXTO,S,No,0,242
16.0,Estrato 3,Secundaria (Bachillerato) incompleta,Secundaria (Bachillerato) completa,3 a 4,Dos,F,Si,Si,No,Si,OFICIAL,UNICA,URBANO,,TÉCNICO/ACADÉMICO,MIXTO,S,Sí,1,300
16.0,Estrato 3,Educación profesional completa,Primaria incompleta,,,M,Si,,,,OFICIAL,MAÑANA,RURAL,N,TÉCNICO/ACADÉMICO,MIXTO,S,No,0,191
16.0,Estrato 2,Educación profesional completa,,1 a 2,Dos,M,Si,Si,No,Si,OFICIAL,TARDE,URBANO,,TÉCNICO/ACADÉMICO,MIXTO,S,No,1,311
20.0,Estrato 3,Técnica o tecnológica completa,Secundaria (Bachillerato) completa,3 a 4,Cuatro,M,Si,Si,No,Si,OFICIAL,UNICA,URBANO,N,TÉCNICO/ACADÉMICO,MIXTO,S,Sí,0,207
18.0,Estrato 1,Secundaria (Bachillerato) incompleta,,5 a 6,Dos,M,No,No,No,Si,NO OFICIAL,TARDE,URBANO,N,ACADÉMICO,MIXTO,S,Sí,0,156
18.0,Estrato 2,Secundaria (Bachillerato) completa,Primaria completa,3 a 4,Dos,M,Si,Si,No,Si,NO OFICIAL,MAÑANA,URBANO,N,ACADÉMICO,MIXTO,S,Sí,0,202
16.0,Estrato 3,Secundaria (Bachillerato) incompleta,Secundaria (Bachillerato) incompleta,5 a 6,Cuatro,M,Si,No,No,Si,OFICIAL,COMPLETA,RURAL,,NO APLICA,MIXTO,N,No,0,200
18.0,,,,,,M,,,,,OFICIAL,MAÑANA,URBANO,N,ACADÉMICO,MIXTO,S,Sí,0,292
17.0,Estrato 2,Educación profesional completa,Técnica o tecnológica completa,3 a 4,Tres,F,Si,Si,Si,Si,NO OFICIAL,UNICA,RURAL,N,ACADÉMICO,MIXTO,S,Sí,1,307
17.0,Estrato 1,Secundaria (Bachillerato) completa,Secundaria (Bachillerato) completa,5 a 6,Tres,F,Si,Si,Si,No,OFICIAL,UNICA,URBANO,N,TÉCNICO/ACADÉMICO,MIXTO,S,Sí,0,233
16.0,Estrato 2,Educación profesional incompleta,Educación profesional incompleta,,,M,Si,,,,OFICIAL,UNICA,URBANO,N,TÉCNICO/ACADÉMICO,MIXTO,S,Sí,0,268
17.0,Estrato 3,Secundaria (Bachillerato) completa,Secundaria (Bachillerato) completa,5 a 6,Tres,F,Si,Si,No,Si,OFICIAL,TARDE,URBANO,N,ACADÉMICO,MIXTO,S,Sí,0,266
16.0,Estrato 3,Primaria completa,Primaria completa,3 a 4,Uno,F,Si,Si,No,Si,OFICIAL,UNICA,URBANO,N,TÉCNICO/ACADÉMICO,FEMENINO,S,Sí,1,300
19.0,Sin Estrato,Primaria incompleta,Secundaria (Bachillerato) incompleta,7 a 8,Cuatro,F,No,No,No,Si,OFICIAL,SABATINA,URBANO,N,TÉCNICO/ACADÉMICO,MIXTO,S,No,0,188
17.0,Estrato 3,Educación profesional completa,,9 o más,Tres,F,Si,No,No,Si,OFICIAL,UNICA,URBANO,N,ACADÉMICO,MIXTO,S,Sí,0,222
17.0,Estrato 4,Primaria incompleta,Secundaria (Bachillerato) completa,,,F,Si,,,,OFICIAL,TARDE,RURAL,N,TÉCNICO,MIXTO,S,No,0,159
16.0,Estrato 3,Educación profesional completa,Educación profesional completa,3 a 4,Tres,M,Si,Si,No,Si,NO OFICIAL,MAÑANA,URBANO,N,ACADÉMICO,MIXTO,S,Sí,1,357
17.0,Estrato 3,Primaria incompleta,Secundaria (Bachillerato) incompleta,3 a 4,Tres,M,Si,Si,No,Si,OFICIAL,NOCHE,URBANO,N,TÉCNICO/ACADÉMICO,MIXTO,S,Sí,0,187
18.0,Estrato 3,Primaria incompleta,Ninguno,5 a 6,Tres,F,Si,Si,No,Si,OFICIAL,COMPLETA,RURAL,,NO APLICA,MIXTO,N,No,0,175
17.0,Estrato 3,Secundaria (Bachillerato) completa,Secundaria (Bachillerato) completa,3 a 4,Dos,F,Si,Si,Si,Si,OFICIAL,MAÑANA,URBANO,N,ACADÉMICO,MIXTO,N,No,1,308
17.0,Estrato 2,Educación profesional incompleta,Técnica o tecnológica completa,3 a 4,Tres,F,Si,No,Si,Si,OFICIAL,UNICA,URBANO,N,TÉCNICO/ACADÉMICO,FEMENINO,S,Sí,0,239
16.0,Estrato 2,Secundaria (Bachillerato) incompleta,Secundaria (Bachillerato) incompleta,9 o más,Dos,M,No,Si,No,No,OFICIAL,MAÑANA,URBANO,N,TÉCNICO/ACADÉMICO,MIXTO,S,Sí,0,172
16.0,Sin Estrato,Primaria incompleta,,3 a 4,Dos,M,No,No,No,Si,OFICIAL,NOCHE,URBANO,N,TÉCNICO/ACADÉMICO,MIXTO,S,Sí,0,148
18.0,Sin Estrato,Secundaria (Bachillerato) incompleta,Primaria completa,3 a 4,Tres,F,Si,Si,No,Si,OFICIAL,MAÑANA,URBANO,N,ACADÉMICO,MIXTO,S,No,0,208
17.0,Estrato 2,Secundaria (Bachillerato) completa,Secundaria (Bachillerato) completa,1 a 2,Uno,F,Si,Si,No,No,OFICIAL,MAÑANA,RURAL,N,TÉCNICO/ACADÉMICO,MIXTO,S,No,0,265
19.0,Estrato 6,Postgrado,Educación profesional incompleta,3 a 4,Tres,M,Si,Si,Si,Si,NO OFICIAL,COMPLETA,URBANO,N,ACADÉMICO,FEMENINO,S,Sí,1,309
16.0,,,,,,M,,,,,OFICIAL,COMPLETA,RURAL,,NO APLICA,MIXTO,N,No,0,207
17.0,Estrato 1,Primaria incompleta,Ninguno,9 o más,Seis o mas,M,No,No,No,No,OFICIAL,MAÑANA,URBANO,N,ACADÉMICO,MIXTO,S,No,0,157
17.0,Estrato 2,Secundaria (Bachillerato) completa,Primaria completa,3 a 4,Dos,M,Si,No,No,Si,OFICIAL,UNICA,URBANO,N,TÉCNICO/ACADÉMICO,MIXTO,S,Sí,0,287
19.0,Estrato 1,Secundaria (Bachillerato) incompleta,,5 a 6,Dos,F,Si,No,No,Si,NO OFICIAL,SABATINA,URBANO,,ACADÉMICO,MIXTO,S,Sí,0,187
,Estrato 3,Primaria completa,Primaria incompleta,3 a 4,Dos,M,Si,No,No,Si,NO OFICIAL,MAÑANA,URBANO,,ACADÉMICO,MIXTO,S,Sí,0,182
18.0,Estrato 2,Secundaria (Bachillerato) completa,Primaria completa,3 a 4,Tres,M,Si,Si,No,Si,OFICIAL,MAÑANA,URBANO,,ACADÉMICO,MIXTO,S,Sí,0,267
18.0,Estrato 3,Secundaria (Bachillerato) completa,Primaria completa,3 a 4,Cuatro,M,Si,Si,Si,Si,OFICIAL,TARDE,URBANO,N,TÉCNICO/ACADÉMICO,MIXTO,S,Sí,0,264
16.0,Estrato 1,,,1 a 2,Uno,F,Si,Si,No,Si,OFICIAL,MAÑANA,URBANO,N,ACADÉMICO,MIXTO,S,Sí,0,265
17.0,Sin Estrato,Educación profesional completa,Educación profesional completa,3 a 4,Tres,M,Si,Si,No,Si,OFICIAL,UNICA,URBANO,N,TÉCNICO/ACADÉMICO,MIXTO,S,Sí,1,347
20.0,,,,,,F,,,,,OFICIAL,SABATINA,URBANO,N,TÉCNICO/ACADÉMICO,MIXTO,S,No,0,208
16.0,,,,3 a 4,Dos,M,,No,No,Si,OFICIAL,COMPLETA,RURAL,N,TÉCNICO,MIXTO,S,No,0,171
16.0,Estrato 1,Secundaria (Bachillerato) completa,Secundaria (Bachillerato) completa,3 a 4,Tres,M,Si,Si,No,Si,OFICIAL,UNICA,URBANO,N,TÉCNICO/ACADÉMICO,MIXTO,S,Sí,0,243
18.0,Estrato 3,Secundaria (Bachillerato) incompleta,Secundaria (Bachillerato) incompleta,3 a 4,Tres,M,Si,Si,No,Si,OFICIAL,TARDE,URBANO,N,TÉCNICO,MIXTO,S,No,1,314
19.0,Estrato 6,Educación profesional completa,Ninguno,1 a 2,Tres,F,Si,Si,No,Si,NO OFICIAL,NOCHE,URBANO,N,ACADÉMICO,MIXTO,S,Sí,0,155
16.0,Estrato 1,Secundaria (Bachillerato) completa,Técnica o tecnológica incompleta,5 a 6,Cuatro,F,Si,Si,No,Si,OFICIAL,UNICA,URBANO,,,MIXTO,S,Sí,0,243
16.0,Estrato 3,Educación profesional completa,,3 a 4,Tres,F,Si,Si,Si,Si,OFICIAL,UNICA,URBANO,N,TÉCNICO/ACADÉMICO,MIXTO,S,Sí,1,312
17.0,Estrato 1,Secundaria (Bachillerato) completa,Primaria incompleta,5 a 6,Cuatro,F,Si,No,No,No,OFICIAL,MAÑANA,URBANO,N,ACADÉMICO,MIXTO,S,No,0,218
19.0,Estrato 2,Secundaria (Bachillerato) incompleta,,3 a 4,Tres,F,Si,Si,No,Si,OFICIAL,MAÑANA,URBANO,N,TÉCNICO/ACADÉMICO,MIXTO,S,No,0,248
17.0,Estrato 2,Secundaria (Bachillerato) completa,Ninguno,3 a 4,Cuatro,F,Si,No,No,Si,OFICIAL,MAÑANA,RURAL,N,TÉCNICO/ACADÉMICO,MIXTO,S,Sí,0,235
16.0,Estrato 1,Primaria completa,Primaria incompleta,5 a 6,Tres,F,No,Si,No,No,OFICIAL,COMPLETA,RURAL,N,ACADÉMICO,MIXTO,S,No,0,277
,Estrato 2,Ninguno,Ninguno,1 a 2,Uno,F,Si,Si,,,NO OFICIAL,SABATINA,URBANO,N,ACADÉMICO,MIXTO,S,Sí,0,188
17.0,Estrato 2,Primaria incompleta,,5 a 6,Tres,F,Si,Si,No,Si,OFICIAL,MAÑANA,URBANO,N,ACADÉMICO,MIXTO,S,Sí,0,248
16.0,,,Educación profesional incompleta,3 a 4,Tres,F,Si,Si,Si,Si,NO OFICIAL,COMPLETA,URBANO,N,TÉCNICO,MIXTO,S,Sí,1,306
17.0,Estrato 1,Secundaria (Bachillerato) completa,Secundaria (Bachillerato) incompleta,3 a 4,Dos,M,No,No,No,No,NO OFICIAL,NOCHE,URBANO,N,TÉCNICO/ACADÉMICO,MIXTO,S,Sí,0,170
16.0,Estrato 3,Primaria completa,Primaria incompleta,5 a 6,Cuatro,F,Si,Si,No,Si,OFICIAL,MAÑANA,URBANO,N,ACADÉMICO,FEMENINO,S,Sí,1,310
17.0,Estrato 2,Primaria completa,Secundaria (Bachillerato) completa,3 a 4,Tres,F,Si,No,No,Si,OFICIAL,SABATINA,URBANO,N,TÉCNICO,MIXTO,S,Sí,0,199
16.0,Estrato 1,Secundaria (Bachillerato) completa,Secundaria (Bachillerato) completa,,,M,Si,,,,OFICIAL,MAÑANA,URBANO,N,ACADÉMICO,MIXTO,S,No,0,196
16.0,Estrato 3,Educación profesional completa,Educación profesional completa,5 a 6,Tres,F,Si,Si,No,Si,NO OFICIAL,COMPLETA,URBANO,N,ACADÉMICO,MIXTO,S,Sí,0,286
17.0,Estrato 2,Secundaria (Bachillerato) incompleta,Técnica o tecnológica completa,5 a 6,Tres,M,No,No,No,No,OFICIAL,UNICA,URBANO,,ACADÉMICO,MIXTO,S,Sí,0,290
20.0,Estrato 2,Secundaria (Bachillerato) incompleta,Secundaria (Bachillerato) completa,3 a 4,Tres,M,Si,Si,No,Si,OFICIAL,UNICA,URBANO,N,TÉCNICO/ACADÉMICO,MIXTO,S,Sí,0,182
17.0,Estrato 2,Secundaria (Bachillerato) incompleta,Secundaria (Bachillerato) incompleta,5 a 6,Cuatro,F,Si,No,No,Si,OFICIAL,MAÑANA,RURAL,,TÉCNICO/ACADÉMICO,MIXTO,S,No,0,167
16.0,Estrato 2,Secundaria (Bachillerato) completa,,3 a 4,Dos,F,No,Si,No,Si,OFICIAL,MAÑANA,URBANO,N,TÉCNICO/ACADÉMICO,MIXTO,S,Sí,0,262
16.0,Estrato 3,Secundaria (Bachillerato) incompleta,Secundaria (Bachillerato) completa,5 a 6,Cuatro,F,Si,Si,No,No,OFICIAL,MAÑANA,URBANO,N,TÉCNICO/ACADÉMICO,MIXTO,S,No,0,297
16.0,Estrato 1,Primaria incompleta,Primaria incompleta,1 a 2,Dos,F,No,No,No,No,OFICIAL,MAÑANA,URBANO,N,ACADÉMICO,MIXTO,S,No,0,170
16.0,Estrato 2,Técnica o tecnológica incompleta,Secundaria (Bachillerato) incompleta,3 a 4,Tres,M,Si,Si,Si,Si,OFICIAL,COMPLETA,URBANO,N,TÉCNICO/ACADÉMICO,MIXTO,S,No,0,197
19.0,Estrato 2,Educación profesional completa,Secundaria (Bachillerato) completa,3 a 4,Tres,M,Si,No,Si,Si,NO OFICIAL,SABATINA,URBANO,,ACADÉMICO,MIXTO,S,Sí,0,177
16.0,Estrato 4,Educación profesional completa,Educación profesional completa,3 a 4,Tres,F,Si,Si,Si,Si,NO OFICIAL,UNICA,RURAL,N,ACADÉMICO,MIXTO,S,Sí,1,316
16.0,Estrato 3,Postgrado,Secundaria (Bachillerato) completa,3 a 4,Dos,F,Si,Si,Si,Si,NO OFICIAL,MAÑANA,URBANO,N,ACADÉMICO,MIXTO,S,Sí,1,338
16.0,Estrato 2,Secundaria (Bachillerato) completa,Primaria completa,3 a 4,Dos,M,No,No,No,Si,OFICIAL,COMPLETA,RURAL,N,TÉCNICO/ACADÉMICO,MIXTO,N,No,0,297
16.0,Estrato 2,Técnica o tecnológica completa,Secundaria (Bachillerato) incompleta,1 a 2,Dos,F,No,Si,No,No,OFICIAL,UNICA,URBANO,N,ACADÉMICO,MIXTO,S,Sí,0,230
,,,,,,F,,,,,NO OFICIAL,SABATINA,URBANO,,ACADÉMICO,MIXTO,S,Sí,0,165
17.0,Estrato 3,Educación profesional incompleta,Educación profesional completa,3 a 4,Dos,M,Si,Si,No,Si,NO OFICIAL,MAÑANA,URBANO,N,ACADÉMICO,MIXTO,S,Sí,1,313
16.0,Estrato 3,Primaria incompleta,Secundaria (Bachillerato) incompleta,5 a 6,Tres,F,No,No,No,No,OFICIAL,MAÑANA,URBANO,N,TÉCNICO/ACADÉMICO,MIXTO,S,Sí,0,273
16.0,Estrato 2,Secundaria (Bachillerato) completa,Primaria completa,3 a 4,Dos,F,No,No,No,No,OFICIAL,MAÑANA,URBANO,N,TÉCNICO/ACADÉMICO,MIXTO,S,No,1,302
16.0,Estrato 3,Secundaria (Bachillerato) completa,Educación profesional completa,7 a 8,Tres,F,Si,Si,No,Si,OFICIAL,MAÑANA,URBANO,N,TÉCNICO/ACADÉMICO,MIXTO,S,No,0,292
16.0,Estrato 1,Primaria incompleta,Ninguno,5 a 6,Dos,F,No,No,No,No,OFICIAL,MAÑANA,RURAL,N,ACADÉMICO,MIXTO,N,No,0,223
18.0,Estrato 2,Secundaria (Bachillerato) completa,Secundaria (Bachillerato) completa,3 a 4,Dos,F,Si,No,No,Si,OFICIAL,UNICA,RURAL,N,TÉCNICO/ACADÉMICO,MIXTO,S,Sí,0,226
16.0,Estrato 2,Secundaria (Bachillerato) completa,Primaria incompleta,9 o más,Cuatro,M,Si,Si,Si,Si,OFICIAL,UNICA,URBANO,N,TÉCNICO/ACADÉMICO,MIXTO,S,Sí,0,259
17.0,Estrato 1,Secundaria (Bachillerato) completa,,7 a 8,Cinco,M,Si,No,No,Si,OFICIAL,MAÑANA,URBANO,N,ACADÉMICO,MIXTO,S,Sí,1,317
16.0,Estrato 4,Secundaria (Bachillerato) completa,Secundaria (Bachillerato) completa,3 a 4,Dos,F,Si,Si,No,Si,NO OFICIAL,MAÑANA,URBANO,N,ACADÉMICO,FEMENINO,S,Sí,1,340
17.0,Estrato 2,Secundaria (Bachillerato) completa,Secundaria (Bachillerato) incompleta,1 a 2,Uno,F,No,No,No,No,NO OFICIAL,SABATINA,URBANO,N,ACADÉMICO,MIXTO,S,Sí,0,244
17.0,Estrato 4,Educación profesional incompleta,Educación profesional incompleta,3 a 4,Cuatro,M,Si,Si,Si,Si,NO OFICIAL,COMPLETA,URBANO,N,ACADÉMICO,MIXTO,S,No,1,343
16.0,Estrato 2,Secundaria (Bachillerato) completa,Primaria completa,3 a 4,Dos,F,Si,Si,No,Si,OFICIAL,TARDE,URBANO,N,ACADÉMICO,MIXTO,S,No,0,275
19.0,Estrato 2,Educación profesional completa,,5 a 6,Cuatro,M,No,No,No,Si,OFICIAL,TARDE,RURAL,,ACADÉMICO,MIXTO,S,No,0,243
16.0,Estrato 2,Secundaria (Bachillerato) completa,Secundaria (Bachillerato) completa,3 a 4,Tres,F,Si,No,No,No,OFICIAL,UNICA,URBANO,N,TÉCNICO/ACADÉMICO,MIXTO,S,Sí,0,185
18.0,Estrato 1,Primaria incompleta,Primaria incompleta,5 a 6,Cuatro,F,Si,Si,No,Si,OFICIAL,MAÑANA,URBANO,N,ACADÉMICO,MIXTO,S,Sí,0,226
17.0,Estrato 3,Primaria incompleta,Educación profesional completa,3 a 4,Tres,F,Si,Si,No,Si,OFICIAL,UNICA,URBANO,N,TÉCNICO/ACADÉMICO,FEMENINO,S,Sí,1,332
18.0,Estrato 2,Técnica o tecnológica completa,Técnica o tecnológica completa,3 a 4,Dos,M,Si,No,Si,Si,NO OFICIAL,MAÑANA,URBANO,N,ACADÉMICO,MIXTO,S,Sí,0,251
18.0,Estrato 1,Secundaria (Bachillerato) incompleta,,3 a 4,Dos,M,No,No,No,No,OFICIAL,SABATINA,URBANO,N,TÉCNICO/ACADÉMICO,MIXTO,S,No,0,265
18.0,Estrato 2,Técnica o tecnológica completa,,3 a 4,Dos,M,Si,No,No,No,OFICIAL,TARDE,URBANO,N,TÉCNICO/ACADÉMICO,MIXTO,S,No,1,308
15.0,Estrato 4,Secundaria (Bachillerato) incompleta,Secundaria (Bachillerato) incompleta,5 a 6,Cuatro,F,No,No,No,Si,NO OFICIAL,MAÑANA,RURAL,N,ACADÉMICO,MIXTO,S,Sí,0,227
17.0,Estrato 2,Secundaria (Bachillerato) completa,Técnica o tecnológica completa,5 a 6,Tres,F,No,No,No,Si,OFICIAL,COMPLETA,RURAL,N,ACADÉMICO,MIXTO,S,No,0,218
17.0,Estrato 3,Secundaria (Bachillerato) completa,Técnica o tecnológica incompleta,5 a 6,Cuatro,F,Si,No,No,Si,OFICIAL,UNICA,RURAL,N,TÉCNICO/ACADÉMICO,MIXTO,S,Sí,0,231
16.0,Estrato 3,Técnica o tecnológica incompleta,Técnica o tecnológica completa,1 a 2,Dos,F,Si,Si,No,No,OFICIAL,TARDE,URBANO,,ACADÉMICO,MIXTO,S,Sí,0,220
16.0,Estrato 2,Primaria incompleta,,5 a 6,Cuatro,M,No,No,No,No,OFICIAL,COMPLETA,RURAL,N,TÉCNICO,MIXTO,S,No,0,193
17.0,Estrato 2,Secundaria (Bachillerato) incompleta,Secundaria (Bachillerato) incompleta,3 a 4,Dos,F,No,No,No,Si,OFICIAL,TARDE,URBANO,N,TÉCNICO,MIXTO,S,No,0,296
17.0,Estrato 2,Técnica o tecnológica completa,Técnica o tecnológica incompleta,1 a 2,Dos,F,No,No,No,No,OFICIAL,COMPLETA,RURAL,,NO APLICA,MIXTO,S,No,0,159
16.0,Estrato 2,Técnica o tecnológica completa,Técnica o tecnológica completa,3 a 4,Uno,F,Si,Si,No,Si,NO OFICIAL,COMPLETA,URBANO,N,ACADÉMICO,FEMENINO,S,Sí,1,302
17.0,Estrato 3,Secundaria (Bachillerato) completa,Secundaria (Bachillerato) completa,7 a 8,Cuatro,F,Si,Si,No,Si,OFICIAL,MAÑANA,URBANO,N,ACADÉMICO,FEMENINO,S,Sí,0,198
16.0,Estrato 6,Primaria completa,Secundaria (Bachillerato) completa,1 a 2,Cuatro,M,No,Si,Si,Si,OFICIAL,MAÑANA,URBANO,N,TÉCNICO/ACADÉMICO,MIXTO,S,No,0,158
15.0,Estrato 2,Secundaria (Bachillerato) completa,Educación profesional completa,3 a 4,Tres,M,Si,Si,Si,Si,OFICIAL,TARDE,URBANO,N,ACADÉMICO,MIXTO,S,Sí,1,309
16.0,Estrato 1,Primaria completa,Primaria incompleta,3 a 4,Tres,F,No,No,No,No,OFICIAL,MAÑANA,URBANO,,ACADÉMICO,MIXTO,S,Sí,0,262
16.0,Estrato 2,Secundaria (Bachillerato) incompleta,,3 a 4,Cuatro,M,Si,Si,No,Si,OFICIAL,UNICA,URBANO,N,TÉCNICO/ACADÉMICO,MIXTO,S,No,0,250
17.0,Estrato 1,Educación profesional completa,Secundaria (Bachillerato) completa,5 a 6,Dos,F,Si,Si,No,Si,OFICIAL,MAÑANA,URBANO,,ACADÉMICO,MIXTO,S,Sí,0,267
17.0,,,,3 a 4,Cuatro,M,,No,No,Si,OFICIAL,MAÑANA,URBANO,,TÉCNICO/ACADÉMICO,MIXTO,S,Sí,0,193
18.0,Estrato 2,Secundaria (Bachillerato) completa,Secundaria (Bachillerato) incompleta,3 a 4,Dos,M,Si,No,No,Si,OFICIAL,SABATINA,URBANO,N,TÉCNICO/ACADÉMICO,MIXTO,S,Sí,1,321
16.0,Estrato 2,Primaria incompleta,Secundaria (Bachillerato) completa,3 a 4,Dos,F,Si,Si,No,Si,OFICIAL,UNICA,URBANO,N,TÉCNICO/ACADÉMICO,MIXTO,S,Sí,0,192
18.0,Estrato 3,Secundaria (Bachillerato) completa,Primaria incompleta,3 a 4,Dos,F,Si,Si,Si,Si,OFICIAL,COMPLETA,URBANO,N,TÉCNICO/ACADÉMICO,MIXTO,S,No,0,224
21.0,Estrato 2,Ninguno,Secundaria (Bachillerato) incompleta,5 a 6,Dos,F,Si,No,No,Si,OFICIAL,SABATINA,URBANO,N,ACADÉMICO,MIXTO,S,No,0,178
17.0,Estrato 2,Técnica o tecnológica incompleta,Primaria incompleta,3 a 4,Tres,F,Si,No,No,Si,OFICIAL,MAÑANA,URBANO,N,ACADÉMICO,MIXTO,S,No,0,265
16.0,Estrato 2,Secundaria (Bachillerato) completa,Primaria incompleta,5 a 6,Tres,M,Si,Si,No,Si,OFICIAL,MAÑANA,RURAL,N,TÉCNICO/ACADÉMICO,MIXTO,S,No,0,269
16.0,Estrato 1,Técnica o tecnológica completa,Técnica o tecnológica completa,5 a 6,Dos,F,Si,Si,Si,Si,OFICIAL,MAÑANA,URBANO,N,TÉCNICO/ACADÉMICO,MIXTO,S,No,0,239
17.0,Estrato 3,Técnica o tecnológica completa,Secundaria (Bachillerato) completa,3 a 4,Tres,F,Si,Si,Si,Si,OFICIAL,COMPLETA,URBANO,N,TÉCNICO/ACADÉMICO,MIXTO,S,No,0,194
16.0,Estrato 2,Secundaria (Bachillerato) completa,Secundaria (Bachillerato) completa,3 a 4,Dos,M,Si,Si,Si,Si,OFICIAL,UNICA,URBANO,N,TÉCNICO/ACADÉMICO,MIXTO,S,Sí,0,268
19.0,Estrato 1,Primaria incompleta,Primaria incompleta,5 a 6,Tres,F,No,No,No,No,OFICIAL,SABATINA,URBANO,N,TÉCNICO/ACADÉMICO,MIXTO,S,No,0,166
19.0,Estrato 2,Primaria incompleta,Primaria completa,3 a 4,Dos,M,Si,Si,No,Si,OFICIAL,NOCHE,RURAL,N,TÉCNICO/ACADÉMICO,MIXTO,S,No,0,217
16.0,Estrato 3,Primaria incompleta,Ninguno,3 a 4,Dos,M,Si,No,No,Si,OFICIAL,SABATINA,URBANO,N,TÉCNICO/ACADÉMICO,MIXTO,S,No,0,210
16.0,Estrato 2,Secundaria (Bachillerato) completa,Secundaria (Bachillerato) completa,3 a 4,Dos,F,,No,No,No,NO OFICIAL,COMPLETA,URBANO,N,ACADÉMICO,MIXTO,S,Sí,0,256
16.0,Estrato 3,Educación profesional incompleta,Técnica o tecnológica completa,3 a 4,Tres,M,Si,Si,No,Si,OFICIAL,UNICA,URBANO,N,TÉCNICO/ACADÉMICO,MIXTO,S,Sí,0,256
17.0,Estrato 2,Primaria incompleta,Primaria incompleta,3 a 4,Tres,F,Si,Si,No,Si,OFICIAL,COMPLETA,RURAL,N,ACADÉMICO,MIXTO,S,No,0,219
16.0,Estrato 3,Secundaria (Bachillerato) completa,Técnica o tecnológica completa,5 a 6,Tres,F,Si,No,No,Si,OFICIAL,UNICA,URBANO,N,TÉCNICO/ACADÉMICO,MIXTO,S,Sí,1,327
16.0,Estrato 5,Educación profesional completa,Educación profesional completa,3 a 4,Cuatro,M,Si,Si,Si,Si,NO OFICIAL,COMPLETA,URBANO,N,ACADÉMICO,MIXTO,S,Sí,1,396
16.0,Estrato 3,Técnica o tecnológica completa,Secundaria (Bachillerato) incompleta,3 a 4,Tres,F,No,Si,No,Si,OFICIAL,TARDE,URBANO,N,ACADÉMICO,MIXTO,S,No,0,171
16.0,Estrato 3,Secundaria (Bachillerato) completa,Educación profesional completa,3 a 4,Dos,F,Si,Si,Si,Si,OFICIAL,UNICA,URBANO,N,TÉCNICO,MIXTO,S,No,1,304
22.0,,,,1 a 2,Dos,F,,Si,No,No,NO OFICIAL,SABATINA,URBANO,,ACADÉMICO,MIXTO,S,No,0,192
16.0,Estrato 3,Secundaria (Bachillerato) completa,Secundaria (Bachillerato) completa,5 a 6,Tres,M,Si,Si,No,Si,OFICIAL,UNICA,URBANO,N,TÉCNICO/ACADÉMICO,MIXTO,S,Sí,0,272
17.0,Estrato 1,Primaria incompleta,,7 a 8,Cuatro,F,Si,No,No,Si,OFICIAL,UNICA,URBANO,N,TÉCNICO/ACADÉMICO,MIXTO,S,Sí,0,211
18.0,Estrato 4,Educación profesional completa,Educación profesional completa,3 a 4,Tres,M,Si,Si,Si,Si,NO OFICIAL,COMPLETA,URBANO,N,ACADÉMICO,MIXTO,S,Sí,1,329
16.0,Estrato 2,Técnica o tecnológica completa,Técnica o tecnológica completa,3 a 4,Dos,M,Si,No,No,Si,OFICIAL,MAÑANA,URBANO,N,TÉCNICO/ACADÉMICO,MIXTO,S,Sí,0,223
16.0,Estrato 3,Secundaria (Bachillerato) incompleta,Secundaria (Bachillerato) incompleta,3 a 4,Tres,M,Si,Si,No,Si,OFICIAL,UNICA,RURAL,N,ACADÉMICO,MIXTO,S,Sí,0,225
17.0,Estrato 2,Secundaria (Bachillerato) incompleta,Primaria incompleta,1 a 2,Dos,F,No,No,No,Si,NO OFICIAL,SABATINA,URBANO,N,ACADÉMICO,MIXTO,S,Sí,0,247
16.0,Estrato 2,Secundaria (Bachillerato) completa,Secundaria (Bachillerato) completa,3 a 4,Dos,M,No,No,No,Si,OFICIAL,MAÑANA,URBANO,N,ACADÉMICO,MIXTO,S,Sí,0,198
17.0,Estrato 2,Técnica o tecnológica completa,Secundaria (Bachillerato) completa,5 a 6,Cinco,F,Si,Si,No,Si,NO OFICIAL,COMPLETA,URBANO,N,ACADÉMICO,MIXTO,S,Sí,0,265
19.0,Estrato 1,Primaria incompleta,Ninguno,1 a 2,Uno,M,No,No,No,No,OFICIAL,COMPLETA,URBANO,N,TÉCNICO/ACADÉMICO,MIXTO,S,No,0,162
19.0,Estrato 1,Secundaria (Bachillerato) completa,Secundaria (Bachillerato) incompleta,3 a 4,Tres,M,No,No,No,Si,NO OFICIAL,MAÑANA,URBANO,N,ACADÉMICO,MIXTO,S,Sí,0,200
17.0,Estrato 3,Secundaria (Bachillerato) completa,Técnica o tecnológica completa,3 a 4,Uno,F,Si,No,No,Si,OFICIAL,UNICA,URBANO,N,ACADÉMICO,MIXTO,S,Sí,0,221
20.0,Estrato 1,Secundaria (Bachillerato) incompleta,Secundaria (Bachillerato) incompleta,3 a 4,Uno,F,No,Si,No,No,OFICIAL,MAÑANA,URBANO,N,TÉCNICO/ACADÉMICO,MIXTO,S,No,0,208
18.0,Estrato 3,Secundaria (Bachillerato) completa,,1 a 2,Dos,F,No,No,No,Si,OFICIAL,COMPLETA,RURAL,N,ACADÉMICO,MIXTO,S,No,0,234
25.0,,,,,,M,,,,,OFICIAL,NOCHE,URBANO,N,TÉCNICO/ACADÉMICO,MIXTO,S,Sí,0,258
17.0,Estrato 1,Secundaria (Bachillerato) completa,Secundaria (Bachillerato) completa,5 a 6,Tres,F,Si,No,No,Si,OFICIAL,TARDE,URBANO,N,ACADÉMICO,MIXTO,S,No,0,214
16.0,Estrato 3,Técnica o tecnológica completa,,3 a 4,Dos,M,Si,Si,No,Si,OFICIAL,UNICA,URBANO,N,TÉCNICO/ACADÉMICO,MIXTO,S,Sí,0,216
18.0,Estrato 1,Técnica o tecnológica completa,,5 a 6,Dos,M,Si,No,No,Si,OFICIAL,SABATINA,URBANO,N,ACADÉMICO,MIXTO,S,Sí,0,236
18.0,Estrato 2,Primaria incompleta,Técnica o tecnológica incompleta,3 a 4,Dos,M,Si,Si,No,Si,OFICIAL,TARDE,URBANO,N,ACADÉMICO,MIXTO,S,Sí,0,217
16.0,Estrato 2,Técnica o tecnológica completa,Técnica o tecnológica completa,5 a 6,Tres,F,No,Si,No,Si,OFICIAL,COMPLETA,RURAL,N,ACADÉMICO,MIXTO,S,No,0,273
19.0,Estrato 2,Secundaria (Bachillerato) completa,,3 a 4,Dos,M,Si,No,No,Si,NO OFICIAL,SABATINA,URBANO,N,TÉCNICO/ACADÉMICO,MIXTO,S,Sí,0,197
19.0,Estrato 3,Secundaria (Bachillerato) incompleta,Secundaria (Bachillerato) incompleta,3 a 4,Tres,F,Si,No,No,No,OFICIAL,NOCHE,URBANO,N,TÉCNICO/ACADÉMICO,MIXTO,S,No,0,166
16.0,Estrato 2,Educación profesional completa,Secundaria (Bachillerato) completa,5 a 6,Dos,M,Si,Si,No,Si,OFICIAL,MAÑANA,URBANO,N,ACADÉMICO,MIXTO,S,Sí,0,241
18.0,Estrato 1,Primaria completa,Primaria incompleta,5 a 6,Tres,M,Si,No,No,No,NO OFICIAL,SABATINA,URBANO,N,TÉCNICO/ACADÉMICO,MIXTO,S,Sí,0,215
16.0,Estrato 2,Técnica o tecnológica completa,Técnica o tecnológica completa,3 a 4,Tres,F,Si,Si,Si,Si,NO OFICIAL,MAÑANA,URBANO,,ACADÉMICO,MIXTO,S,Sí,0,275
17.0,Estrato 2,Primaria incompleta,Primaria incompleta,,,F,No,,,,OFICIAL,COMPLETA,RURAL,,ACADÉMICO,MIXTO,S,No,0,224
16.0,Estrato 4,Secundaria (Bachillerato) incompleta,Primaria completa,3 a 4,Dos,F,No,No,No,Si,OFICIAL,COMPLETA,RURAL,N,TÉCNICO/ACADÉMICO,MIXTO,N,No,0,213
17.0,Estrato 2,Secundaria (Bachillerato) completa,Técnica o tecnológica completa,3 a 4,Dos,M,Si,No,No,Si,OFICIAL,MAÑANA,RURAL,N,ACADÉMICO,MIXTO,S,No,0,242
17.0,,,,,,F,,,,,OFICIAL,MAÑANA,RURAL,N,ACADÉMICO,MIXTO,S,No,0,178
17.0,Estrato 2,,,1 a 2,Dos,F,Si,Si,No,Si,OFICIAL,UNICA,URBANO,N,TÉCNICO/ACADÉMICO,FEMENINO,S,Sí,0,235
17.0,Estrato 1,Secundaria (Bachillerato) incompleta,Secundaria (Bachillerato) completa,5 a 6,Dos,F,No,No,No,Si,OFICIAL,UNICA,URBANO,,TÉCNICO/ACADÉMICO,MIXTO,S,Sí,0,243
16.0,Estrato 3,,,3 a 4,Dos,M,Si,Si,Si,Si,NO OFICIAL,COMPLETA,URBANO,N,ACADÉMICO,MIXTO,S,Sí,0,162
17.0,Estrato 1,Primaria incompleta,Primaria completa,5 a 6,Tres,M,No,No,No,Si,OFICIAL,MAÑANA,URBANO,N,TÉCNICO/ACADÉMICO,MIXTO,N,No,0,215
15.0,Estrato 1,Primaria incompleta,Primaria incompleta,1 a 2,Uno,F,No,No,No,Si,OFICIAL,NOCHE,URBANO,N,ACADÉMICO,MIXTO,S,No,0,213
16.0,Estrato 2,Educación profesional completa,Primaria completa,1 a 2,Dos,F,Si,No,No,Si,OFICIAL,COMPLETA,URBANO,N,TÉCNICO/ACADÉMICO,MIXTO,S,No,0,209
,Estrato 3,Primaria incompleta,Primaria incompleta,7 a 8,Cuatro,F,Si,No,No,Si,OFICIAL,NOCHE,URBANO,N,TÉCNICO/ACADÉMICO,MIXTO,S,Sí,0,173
22.0,Estrato 2,Secundaria (Bachillerato) incompleta,Primaria completa,3 a 4,Dos,M,Si,No,Si,Si,NO OFICIAL,SABATINA,URBANO,N,ACADÉMICO,MIXTO,S,Sí,0,208
19.0,,,,3 a 4,Tres,M,,No,No,Si,OFICIAL,MAÑANA,RURAL,N,TÉCNICO/ACADÉMICO,MIXTO,S,No,0,188
16.0,Estrato 2,Primaria incompleta,Primaria incompleta,5 a 6,Tres,F,Si,No,No,Si,OFICIAL,TARDE,URBANO,N,TÉCNICO,MIXTO,S,No,0,286
18.0,Estrato 2,Primaria completa,Primaria incompleta,5 a 6,Dos,F,No,No,No,Si,OFICIAL,SABATINA,RURAL,N,TÉCNICO/ACADÉMICO,MIXTO,S,No,0,220
17.0,Estrato 2,Técnica o tecnológica completa,Secundaria (Bachillerato) completa,3 a 4,Tres,F,Si,Si,No,Si,OFICIAL,MAÑANA,URBANO,N,ACADÉMICO,MIXTO,S,Sí,0,258
18.0,Estrato 2,Técnica o tecnológica completa,Secundaria (Bachillerato) incompleta,3 a 4,Dos,M,Si,No,Si,Si,OFICIAL,TARDE,URBANO,N,ACADÉMICO,MIXTO,S,No,0,250
18.0,Estrato 2,Secundaria (Bachillerato) completa,Educación profesional completa,3 a 4,Dos,F,Si,Si,No,Si,OFICIAL,MAÑANA,RURAL,N,ACADÉMICO,MIXTO,S,No,0,148
18.0,Estrato 1,Primaria incompleta,Primaria incompleta,3 a 4,Dos,F,No,Si,No,No,OFICIAL,MAÑANA,RURAL,N,TÉCNICO/ACADÉMICO,MIXTO,S,No,0,244
16.0,Estrato 3,Primaria incompleta,Secundaria (Bachillerato) incompleta,5 a 6,Dos,F,No,Si,No,No,OFICIAL,UNICA,URBANO,N,TÉCNICO/ACADÉMICO,MIXTO,S,Sí,0,207
16.0,Estrato 1,Secundaria (Bachillerato) completa,Secundaria (Bachillerato) completa,3 a 4,Tres,M,Si,Si,No,Si,OFICIAL,MAÑANA,URBANO,N,ACADÉMICO,MIXTO,S,Sí,0,287
,,,,,,M,,,,,OFICIAL,SABATINA,URBANO,N,TÉCNICO/ACADÉMICO,MIXTO,S,No,0,210
17.0,Estrato 2,Secundaria (Bachillerato) completa,Secundaria (Bachillerato) completa,,,M,Si,,,,NO OFICIAL,SABATINA,URBANO,,ACADÉMICO,MIXTO,S,Sí,0,264
17.0,Estrato 3,Secundaria (Bachillerato) completa,Técnica o tecnológica completa,3 a 4,Tres,F,Si,No,No,No,OFICIAL,UNICA,URBANO,N,TÉCNICO/ACADÉMICO,MIXTO,S,Sí,1,303
18.0,Estrato 2,Técnica o tecnológica incompleta,Secundaria (Bachillerato) incompleta,5 a 6,Tres,F,Si,Si,No,Si,OFICIAL,MAÑANA,URBANO,,ACADÉMICO,MIXTO,S,Sí,0,225
16.0,Estrato 3,Técnica o tecnológica completa,Secundaria (Bachillerato) completa,3 a 4,Tres,M,Si,Si,No,Si,OFICIAL,UNICA,URBANO,N,TÉCNICO/ACADÉMICO,MIXTO,S,Sí,0,235
17.0,Estrato 5,Postgrado,Educación profesional completa,3 a 4,Tres,M,Si,Si,Si,Si,NO OFICIAL,MAÑANA,URBANO,N,ACADÉMICO,MIXTO,S,Sí,0,288
17.0,Estrato 2,Técnica o tecnológica completa,Técnica o tecnológica completa,3 a 4,Tres,F,Si,No,No,No,OFICIAL,MAÑANA,URBANO,N,TÉCNICO/ACADÉMICO,MIXTO,S,Sí,0,207
17.0,Estrato 1,Secundaria (Bachillerato) completa,Secundaria (Bachillerato) completa,3 a 4,Cuatro,M,No,No,No,Si,OFICIAL,COMPLETA,RURAL,N,ACADÉMICO,MIXTO,S,No,0,210
20.0,Estrato 2,Primaria completa,Primaria incompleta,5 a 6,Dos,F,No,No,No,No,OFICIAL,COMPLETA,RURAL,,NO APLICA,MIXTO,S,No,0,169
16.0,Estrato 2,Secundaria (Bachillerato) completa,Secundaria (Bachillerato) completa,3 a 4,Tres,M,Si,Si,No,No,OFICIAL,UNICA,URBANO,N,TÉCNICO/ACADÉMICO,MIXTO,S,Sí,0,215
16.0,Estrato 4,Técnica o tecnológica completa,Educación profesional incompleta,5 a 6,Cuatro,M,No,No,Si,Si,OFICIAL,MAÑANA,RURAL,,TÉCNICO/ACADÉMICO,MIXTO,S,No,0,198
16.0,Estrato 3,Secundaria (Bachillerato) completa,Secundaria (Bachillerato) completa,3 a 4,Dos,M,Si,Si,Si,Si,OFICIAL,UNICA,URBANO,,ACADÉMICO,MIXTO,S,Sí,0,286
18.0,Estrato 2,Secundaria (Bachillerato) completa,Secundaria (Bachillerato) completa,1 a 2,Uno,M,Si,No,No,,NO OFICIAL,SABATINA,URBANO,N,TÉCNICO/ACADÉMICO,MIXTO,S,Sí,0,181
17.0,Estrato 2,,,3 a 4,Dos,M,Si,Si,No,Si,OFICIAL,MAÑANA,URBANO,N,ACADÉMICO,MIXTO,S,Sí,0,257
16.0,Estrato 1,Primaria incompleta,Primaria incompleta,5 a 6,Tres,M,Si,Si,No,Si,OFICIAL,COMPLETA,RURAL,N,ACADÉMICO,MIXTO,S,No,0,203
17.0,Estrato 3,Postgrado,Secundaria (Bachillerato) incompleta,1 a 2,Dos,F,Si,Si,No,Si,NO OFICIAL,MAÑANA,URBANO,N,TÉCNICO/ACADÉMICO,MIXTO,S,Sí,1,322
16.0,,,,5 a 6,Dos,F,,Si,No,Si,OFICIAL,MAÑANA,URBANO,,TÉCNICO/ACADÉMICO,MIXTO,S,No,0,268
16.0,Estrato 2,Educación profesional completa,Educación profesional completa,5 a 6,Cinco,M,No,Si,No,Si,OFICIAL,COMPLETA,RURAL,,ACADÉMICO,MIXTO,S,No,0,279
16.0,Estrato 2,Secundaria (Bachillerato) completa,Educación profesional completa,3 a 4,Tres,M,Si,Si,No,Si,OFICIAL,UNICA,URBANO,N,TÉCNICO/ACADÉMICO,MIXTO,S,Sí,0,292
16.0,Estrato 2,Técnica o tecnológica completa,,1 a 2,Dos,M,Si,Si,No,Si,OFICIAL,TARDE,URBANO,N,ACADÉMICO,MIXTO,S,Sí,0,243
16.0,Estrato 2,Técnica o tecnológica completa,Secundaria (Bachillerato) completa,3 a 4,Tres,F,Si,Si,No,Si,NO OFICIAL,COMPLETA,URBANO,N,ACADÉMICO,MIXTO,S,Sí,0,278
17.0,,,,5 a 6,Tres,F,,Si,No,Si,OFICIAL,TARDE,URBANO,N,ACADÉMICO,MIXTO,S,Sí,0,264
16.0,Estrato 2,Secundaria (Bachillerato) incompleta,Primaria incompleta,3 a 4,Tres,M,Si,Si,No,Si,OFICIAL,UNICA,URBANO,N,TÉCNICO/ACADÉMICO,MIXTO,S,Sí,0,233
17.0,Estrato 5,Postgrado,,1 a 2,Dos,F,Si,Si,Si,Si,NO OFICIAL,COMPLETA,URBANO,N,ACADÉMICO,FEMENINO,S,Sí,1,316
18.0,Estrato 1,Primaria completa,Secundaria (Bachillerato) incompleta,7 a 8,Tres,F,Si,Si,No,No,OFICIAL,COMPLETA,URBANO,N,TÉCNICO/ACADÉMICO,MIXTO,S,No,0,248
17.0,Estrato 1,Primaria incompleta,Primaria completa,3 a 4,Dos,M,No,No,No,No,OFICIAL,COMPLETA,RURAL,,NO APLICA,MIXTO,N,No,0,215
18.0,Estrato 5,Primaria completa,Secundaria (Bachillerato) incompleta,5 a 6,Dos,F,No,Si,No,No,OFICIAL,MAÑANA,RURAL,N,ACADÉMICO,MIXTO,S,No,0,165
19.0,Estrato 1,Primaria completa,Primaria incompleta,9 o más,Tres,F,No,No,No,No,OFICIAL,SABATINA,RURAL,N,ACADÉMICO,MIXTO,S,No,0,174
17.0,Estrato 3,Educación profesional completa,Secundaria (Bachillerato) completa,3 a 4,Dos,M,Si,Si,Si,Si,NO OFICIAL,COMPLETA,URBANO,N,ACADÉMICO,MIXTO,S,Sí,1,313
17.0,Estrato 3,Ninguno,Primaria incompleta,3 a 4,Dos,F,Si,No,No,Si,OFICIAL,TARDE,RURAL,N,ACADÉMICO,MIXTO,S,No,0,228
16.0,Estrato 3,Secundaria (Bachillerato) completa,Secundaria (Bachillerato) completa,1 a 2,Dos,F,Si,Si,No,No,OFICIAL,COMPLETA,URBANO,N,TÉCNICO,MIXTO,S,No,1,315
16.0,Estrato 1,Secundaria (Bachillerato) completa,Secundaria (Bachillerato) completa,5 a 6,Tres,F,Si,Si,No,No,OFICIAL,MAÑANA,URBANO,N,TÉCNICO/ACADÉMICO,MIXTO,S,No,0,255
17.0,Estrato 2,Secundaria (Bachillerato) completa,Primaria completa,3 a 4,Dos,F,Si,Si,No,Si,OFICIAL,MAÑANA,URBANO,,ACADÉMICO,MIXTO,S,Sí,0,262
16.0,Estrato 2,Técnica o tecnológica completa,,5 a 6,Cuatro,F,Si,Si,No,Si,OFICIAL,UNICA,URBANO,N,TÉCNICO/ACADÉMICO,MIXTO,S,Sí,0,273
17.0,Estrato 1,Secundaria (Bachillerato) incompleta,Educación profesional completa,7 a 8,Cuatro,F,Si,No,No,Si,NO OFICIAL,SABATINA,URBANO,N,ACADÉMICO,MIXTO,S,Sí,0,282
20.0,Estrato 3,Secundaria (Bachillerato) completa,Secundaria (Bachillerato) completa,3 a 4,Tres,F,Si,No,No,Si,OFICIAL,TARDE,URBANO,N,ACADÉMICO,MIXTO,S,Sí,0,217
16.0,Estrato 4,Secundaria (Bachillerato) completa,Secundaria (Bachillerato) completa,,,M,Si,,,,OFICIAL,UNICA,URBANO,N,TÉCNICO/ACADÉMICO,MIXTO,S,Sí,0,224
,Estrato 2,Primaria incompleta,Primaria incompleta,3 a 4,Dos,F,Si,No,No,No,NO OFICIAL,SABATINA,URBANO,N,TÉCNICO/ACADÉMICO,MIXTO,S,Sí,0,175
18.0,Estrato 2,Primaria incompleta,Primaria incompleta,5 a 6,Dos,F,Si,No,No,Si,OFICIAL,SABATINA,URBANO,N,TÉCNICO/ACADÉMICO,MIXTO,S,No,0,208
18.0,Estrato 2,Secundaria (Bachillerato) completa,Primaria incompleta,3 a 4,Dos,M,Si,Si,No,No,OFICIAL,UNICA,URBANO,N,TÉCNICO/ACADÉMICO,MIXTO,S,Sí,0,287
19.0,Estrato 2,Educación profesional completa,Primaria incompleta,5 a 6,Dos,F,No,,,Si,OFICIAL,MAÑANA,RURAL,N,ACADÉMICO,MIXTO,S,No,0,173
16.0,Estrato 2,Secundaria (Bachillerato) incompleta,Secundaria (Bachillerato) incompleta,3 a 4,Dos,F,Si,No,No,Si,OFICIAL,UNICA,URBANO,N,TÉCNICO/ACADÉMICO,MIXTO,S,Sí,0,250
17.0,Estrato 3,Secundaria (Bachillerato) completa,Primaria completa,3 a 4,Cuatro,M,Si,Si,No,Si,OFICIAL,COMPLETA,RURAL,,,MIXTO,S,No,0,192
17.0,Estrato 1,Técnica o tecnológica incompleta,Primaria completa,3 a 4,Dos,M,No,No,No,No,OFICIAL,COMPLETA,RURAL,N,ACADÉMICO,MIXTO,N,No,0,171
16.0,Estrato 2,Secundaria (Bachillerato) incompleta,Secundaria (Bachillerato) incompleta,3 a 4,Dos,M,Si,No,No,Si,OFICIAL,MAÑANA,URBANO,S,ACADÉMICO,MIXTO,S,No,0,180
18.0,,,,5 a 6,Cuatro,F,,No,No,Si,OFICIAL,SABATINA,URBANO,N,TÉCNICO,MIXTO,S,Sí,0,236
16.0,,,,5 a 6,Tres,M,,Si,Si,Si,NO OFICIAL,COMPLETA,URBANO,N,ACADÉMICO,MIXTO,S,Sí,0,284
18.0,,,,1 a 2,Dos,M,,Si,No,Si,NO OFICIAL,MAÑANA,URBANO,N,ACADÉMICO,MIXTO,S,Sí,1,309
17.0,Estrato 2,Secundaria (Bachillerato) incompleta,Secundaria (Bachillerato) incompleta,3 a 4,Tres,F,Si,Si,No,Si,OFICIAL,UNICA,URBANO,N,ACADÉMICO,MIXTO,S,Sí,0,280
17.0,Estrato 2,Secundaria (Bachillerato) incompleta,,5 a 6,Cuatro,M,No,No,No,Si,OFICIAL,MAÑANA,URBANO,N,ACADÉMICO,MIXTO,S,No,0,272
17.0,Estrato 3,Educación profesional incompleta,Técnica o tecnológica completa,5 a 6,Dos,F,Si,Si,No,Si,OFICIAL,UNICA,URBANO,N,ACADÉMICO,MIXTO,S,Sí,1,319
17.0,Estrato 2,Técnica o tecnológica completa,Secundaria (Bachillerato) incompleta,3 a 4,Tres,M,Si,Si,No,Si,OFICIAL,MAÑANA,URBANO,,ACADÉMICO,MIXTO,S,Sí,0,221
18.0,Estrato 1,Primaria completa,Primaria completa,3 a 4,Dos,F,No,No,Si,Si,OFICIAL,SABATINA,URBANO,N,TÉCNICO/ACADÉMICO,MIXTO,S,No,0,175
18.0,Estrato 2,Secundaria (Bachillerato) incompleta,,3 a 4,Dos,F,Si,No,No,,OFICIAL,NOCHE,RURAL,N,TÉCNICO/ACADÉMICO,MIXTO,S,Sí,0,240
16.0,Estrato 4,,,5 a 6,Cuatro,M,Si,Si,Si,Si,OFICIAL,MAÑANA,URBANO,N,ACADÉMICO,MIXTO,S,Sí,0,205
17.0,Estrato 3,Secundaria (Bachillerato) completa,Secundaria (Bachillerato) completa,3 a 4,Tres,F,Si,Si,Si,Si,OFICIAL,UNICA,URBANO,N,TÉCNICO/ACADÉMICO,MIXTO,S,Sí,1,306
18.0,Estrato 2,Primaria completa,Primaria completa,7 a 8,Cuatro,F,Si,Si,No,Si,OFICIAL,UNICA,URBANO,N,ACADÉMICO,MIXTO,S,Sí,0,204
17.0,Estrato 3,Secundaria (Bachillerato) completa,Postgrado,3 a 4,Dos,M,Si,Si,Si,Si,OFICIAL,MAÑANA,URBANO,N,ACADÉMICO,MASCULINO,S,Sí,0,296
17.0,Estrato 3,Técnica o tecnológica completa,Educación profesional completa,1 a 2,Dos,M,Si,Si,Si,Si,OFICIAL,UNICA,URBANO,N,ACADÉMICO,MIXTO,S,Sí,0,225
17.0,Estrato 1,Educación profesional completa,Primaria incompleta,3 a 4,Dos,M,Si,No,No,Si,NO OFICIAL,TARDE,URBANO,N,TÉCNICO,MIXTO,S,No,0,264
18.0,Estrato 2,Secundaria (Bachillerato) completa,Educación profesional completa,3 a 4,Tres,M,Si,Si,Si,Si,OFICIAL,MAÑANA,URBANO,N,ACADÉMICO,MIXTO,S,Sí,0,294
16.0,Estrato 1,,Secundaria (Bachillerato) completa,3 a 4,Cuatro,F,Si,Si,No,Si,NO OFICIAL,TARDE,URBANO,N,ACADÉMICO,MIXTO,S,Sí,1,360
16.0,Estrato 3,Primaria completa,Primaria completa,5 a 6,Tres,F,Si,Si,,Si,OFICIAL,MAÑANA,URBANO,N,TÉCNICO/ACADÉMICO,MIXTO,S,No,1,323
18.0,Estrato 1,Primaria completa,Primaria incompleta,3 a 4,Dos,F,Si,Si,No,No,OFICIAL,MAÑANA,URBANO,N,ACADÉMICO,MIXTO,S,Sí,0,231
16.0,Estrato 4,Secundaria (Bachillerato) completa,Secundaria (Bachillerato) completa,3 a 4,Tres,M,Si,Si,No,Si,OFICIAL,MAÑANA,URBANO,N,ACADÉMICO,MIXTO,S,Sí,0,238
17.0,Estrato 1,Secundaria (Bachillerato) incompleta,Secundaria (Bachillerato) completa,1 a 2,Dos,M,Si,Si,No,Si,NO OFICIAL,MAÑANA,URBANO,N,ACADÉMICO,MIXTO,S,Sí,1,351
18.0,Estrato 1,Ninguno,Técnica o tecnológica completa,5 a 6,Cuatro,F,No,Si,No,No,OFICIAL,TARDE,URBANO,N,ACADÉMICO,MIXTO,S,No,0,197
25.0,Estrato 1,Primaria incompleta,Primaria incompleta,3 a 4,Dos,F,No,No,No,No,OFICIAL,COMPLETA,RURAL,,NO APLICA,MIXTO,S,No,0,221
17.0,Sin Estrato,Ninguno,Ninguno,5 a 6,Dos,F,No,No,No,Si,NO OFICIAL,MAÑANA,URBANO,N,ACADÉMICO,MIXTO,S,Sí,0,268
16.0,Estrato 3,Secundaria (Bachillerato) completa,Primaria incompleta,3 a 4,Tres,F,Si,Si,Si,Si,OFICIAL,MAÑANA,URBANO,N,TÉCNICO/ACADÉMICO,MIXTO,N,No,1,300
19.0,Estrato 1,Secundaria (Bachillerato) incompleta,Secundaria (Bachillerato) incompleta,5 a 6,Tres,F,No,No,No,Si,OFICIAL,MAÑANA,URBANO,N,TÉCNICO/ACADÉMICO,MIXTO,S,No,0,193
17.0,Estrato 2,Secundaria (Bachillerato) incompleta,Secundaria (Bachillerato) incompleta,5 a 6,Tres,F,Si,Si,No,No,OFICIAL,NOCHE,URBANO,N,TÉCNICO/ACADÉMICO,MIXTO,S,Sí,0,208
17.0,Estrato 2,Secundaria (Bachillerato) completa,Secundaria (Bachillerato) completa,3 a 4,Tres,F,Si,Si,Si,Si,OFICIAL,UNICA,URBANO,N,ACADÉMICO,MIXTO,S,Sí,0,219
17.0,Estrato 1,Primaria incompleta,Primaria incompleta,7 a 8,Cuatro,M,Si,No,No,Si,OFICIAL,TARDE,URBANO,N,TÉCNICO/ACADÉMICO,MIXTO,S,No,0,230
16.0,Estrato 2,Educación profesional completa,Secundaria (Bachillerato) completa,3 a 4,Dos,M,Si,No,Si,Si,OFICIAL,UNICA,URBANO,N,TÉCNICO/ACADÉMICO,MIXTO,S,Sí,0,293
17.0,Estrato 2,Secundaria (Bachillerato) completa,Secundaria (Bachillerato) completa,5 a 6,Dos,M,Si,Si,No,Si,OFICIAL,COMPLETA,URBANO,N,TÉCNICO/ACADÉMICO,MIXTO,S,No,1,335
16.0,Estrato 3,Educación profesional completa,,3 a 4,Tres,F,Si,Si,Si,Si,NO OFICIAL,COMPLETA,URBANO,,ACADÉMICO,MIXTO,S,Sí,1,302
17.0,Estrato 1,Primaria incompleta,Primaria incompleta,3 a 4,Dos,M,No,No,No,No,OFICIAL,NOCHE,RURAL,N,ACADÉMICO,MIXTO,S,No,0,177
23.0,Estrato 2,Secundaria (Bachillerato) completa,Primaria incompleta,5 a 6,Tres,M,Si,Si,Si,Si,OFICIAL,SABATINA,URBANO,N,ACADÉMICO,MIXTO,S,No,0,264
16.0,Estrato 3,Técnica o tecnológica completa,Técnica o tecnológica completa,3 a 4,Cuatro,M,Si,Si,Si,Si,OFICIAL,MAÑANA,URBANO,N,ACADÉMICO,MIXTO,S,No,0,279
16.0,Estrato 5,Técnica o tecnológica completa,Técnica o tecnológica completa,3 a 4,Tres,M,Si,Si,Si,Si,NO OFICIAL,COMPLETA,URBANO,N,ACADÉMICO,MIXTO,S,Sí,1,354
17.0,Estrato 1,Técnica o tecnológica incompleta,Secundaria (Bachillerato) completa,3 a 4,Tres,F,Si,No,No,No,OFICIAL,MAÑANA,URBANO,N,ACADÉMICO,MIXTO,S,No,0,252
17.0,Estrato 1,Secundaria (Bachillerato) incompleta,Secundaria (Bachillerato) incompleta,3 a 4,Tres,M,No,Si,No,Si,OFICIAL,MAÑANA,URBANO,N,TÉCNICO/ACADÉMICO,MIXTO,S,No,1,306
17.0,Estrato 4,Secundaria (Bachillerato) completa,Secundaria (Bachillerato) completa,3 a 4,Tres,M,Si,Si,Si,Si,OFICIAL,COMPLETA,URBANO,N,TÉCNICO/ACADÉMICO,MIXTO,S,No,0,192
16.0,Estrato 3,Educación profesional completa,,3 a 4,Tres,F,Si,Si,Si,Si,OFICIAL,MAÑANA,URBANO,,ACADÉMICO,MIXTO,S,No,0,279
16.0,Estrato 1,Secundaria (Bachillerato) completa,Secundaria (Bachillerato) completa,9 o más,Seis o mas,F,No,No,No,Si,OFICIAL,UNICA,URBANO,N,ACADÉMICO,MIXTO,S,Sí,0,227
17.0,,,,,,F,,,,,OFICIAL,UNICA,URBANO,N,TÉCNICO/ACADÉMICO,MIXTO,S,Sí,0,204
17.0,Estrato 2,Técnica o tecnológica completa,Técnica o tecnológica completa,1 a 2,Tres,F,Si,Si,Si,Si,NO OFICIAL,MAÑANA,URBANO,,,MIXTO,S,Sí,0,221
17.0,Estrato 3,Técnica o tecnológica completa,Técnica o tecnológica completa,5 a 6,Tres,M,Si,Si,No,Si,NO OFICIAL,MAÑANA,URBANO,,ACADÉMICO,MIXTO,S,Sí,0,295
16.0,Estrato 3,Primaria incompleta,Primaria incompleta,3 a 4,Cuatro,M,Si,No,No,Si,OFICIAL,COMPLETA,RURAL,N,TÉCNICO/ACADÉMICO,MIXTO,S,No,0,177
16.0,Estrato 3,Técnica o tecnológica completa,Educación profesional completa,3 a 4,Tres,F,Si,Si,Si,Si,OFICIAL,MAÑANA,URBANO,N,ACADÉMICO,MIXTO,S,Sí,0,239
16.0,Estrato 1,Primaria incompleta,Secundaria (Bachillerato) completa,3 a 4,Tres,F,Si,No,No,No,OFICIAL,COMPLETA,RURAL,N,TÉCNICO/ACADÉMICO,MIXTO,S,No,1,311
18.0,Estrato 1,Secundaria (Bachillerato) incompleta,Ninguno,9 o más,Cuatro,F,Si,Si,No,No,OFICIAL,COMPLETA,URBANO,N,TÉCNICO/ACADÉMICO,MIXTO,S,No,0,169
18.0,Estrato 6,Técnica o tecnológica incompleta,,3 a 4,Uno,M,Si,Si,Si,Si,NO OFICIAL,COMPLETA,URBANO,N,ACADÉMICO,MIXTO,S,Sí,1,301
16.0,Estrato 2,Secundaria (Bachillerato) completa,Primaria incompleta,3 a 4,Cuatro,F,Si,Si,No,Si,OFICIAL,UNICA,RURAL,,TÉCNICO/ACADÉMICO,MIXTO,N,Sí,0,208
17.0,Estrato 2,Secundaria (Bachillerato) completa,Secundaria (Bachillerato) completa,3 a 4,Dos,M,Si,No,No,Si,OFICIAL,MAÑANA,URBANO,N,TÉCNICO/ACADÉMICO,MIXTO,S,Sí,0,246
18.0,Estrato 2,Secundaria (Bachillerato) completa,Secundaria (Bachillerato) completa,3 a 4,Dos,F,Si,Si,No,Si,OFICIAL,NOCHE,URBANO,N,ACADÉMICO,MIXTO,S,Sí,0,272
18.0,Estrato 2,Secundaria (Bachillerato) completa,Primaria completa,5 a 6,Cuatro,M,Si,No,No,Si,OFICIAL,COMPLETA,RURAL,N,ACADÉMICO,MIXTO,S,No,0,208
19.0,Estrato 2,Secundaria (Bachillerato) completa,Secundaria (Bachillerato) completa,1 a 2,Tres,M,Si,Si,No,Si,OFICIAL,SABATINA,URBANO,N,ACADÉMICO,MIXTO,S,No,0,166
16.0,Estrato 2,Secundaria (Bachillerato) completa,Secundaria (Bachillerato) completa,3 a 4,Tres,F,Si,Si,No,Si,OFICIAL,MAÑANA,URBANO,,ACADÉMICO,MIXTO,S,Sí,0,288
18.0,,,,,,M,,,,,NO OFICIAL,COMPLETA,URBANO,,ACADÉMICO,MIXTO,S,Sí,0,196
17.0,Sin Estrato,Postgrado,Postgrado,3 a 4,Tres,F,No,Si,Si,Si,OFICIAL,COMPLETA,RURAL,,NO APLICA,MIXTO,S,No,0,174
16.0,Estrato 2,,,3 a 4,Dos,F,Si,Si,No,Si,OFICIAL,UNICA,URBANO,N,TÉCNICO/ACADÉMICO,MIXTO,S,Sí,0,211
17.0,Estrato 3,Técnica o tecnológica completa,Secundaria (Bachillerato) completa,3 a 4,Tres,M,Si,Si,Si,Si,OFICIAL,UNICA,URBANO,N,TÉCNICO/ACADÉMICO,MIXTO,S,Sí,0,276
17.0,Estrato 3,Secundaria (Bachillerato) completa,Secundaria (Bachillerato) completa,3 a 4,Dos,M,Si,Si,No,No,OFICIAL,MAÑANA,URBANO,N,TÉCNICO/ACADÉMICO,MIXTO,S,Sí,0,216
19.0,Estrato 3,Secundaria (Bachillerato) completa,,3 a 4,Dos,M,Si,No,No,Si,OFICIAL,UNICA,URBANO,N,TÉCNICO/ACADÉMICO,MIXTO,S,Sí,0,227
18.0,Estrato 2,Secundaria (Bachillerato) completa,Técnica o tecnológica incompleta,3 a 4,Dos,F,Si,Si,No,Si,OFICIAL,MAÑANA,RURAL,N,ACADÉMICO,MIXTO,S,No,0,256
16.0,Estrato 2,Técnica o tecnológica incompleta,Secundaria (Bachillerato) completa,3 a 4,Dos,F,Si,No,No,Si,OFICIAL,UNICA,URBANO,N,TÉCNICO/ACADÉMICO,MIXTO,S,Sí,0,204
16.0,Estrato 2,Ninguno,Ninguno,3 a 4,,M,No,No,No,No,OFICIAL,COMPLETA,RURAL,,,MIXTO,N,No,0,192
17.0,Estrato 2,Técnica o tecnológica completa,,5 a 6,Cuatro,M,Si,Si,No,Si,NO OFICIAL,MAÑANA,URBANO,N,ACADÉMICO,MIXTO,S,Sí,0,197
17.0,Estrato 2,Secundaria (Bachillerato) completa,Técnica o tecnológica completa,5 a 6,Tres,F,No,Si,No,Si,OFICIAL,UNICA,URBANO,N,ACADÉMICO,MIXTO,S,Sí,0,289
16.0,Estrato 4,,Técnica o tecnológica incompleta,3 a 4,Tres,M,Si,Si,Si,Si,NO OFICIAL,MAÑANA,URBANO,N,ACADÉMICO,MIXTO,S,Sí,0,262
16.0,Estrato 2,Secundaria (Bachillerato) completa,,5 a 6,Tres,M,Si,No,No,Si,NO OFICIAL,TARDE,URBANO,N,TÉCNICO/ACADÉMICO,MIXTO,S,No,0,252
16.0,Estrato 2,Técnica o tecnológica completa,Secundaria (Bachillerato) incompleta,3 a 4,Dos,F,Si,No,Si,Si,OFICIAL,MAÑANA,RURAL,N,ACADÉMICO,MIXTO,S,No,0,254
17.0,Estrato 4,Secundaria (Bachillerato) completa,Secundaria (Bachillerato) completa,3 a 4,Cuatro,M,Si,Si,No,Si,NO OFICIAL,MAÑANA,URBANO,N,ACADÉMICO,MIXTO,S,Sí,0,228
16.0,Estrato 3,Secundaria (Bachillerato) completa,,3 a 4,Tres,F,Si,No,No,No,OFICIAL,UNICA,URBANO,,ACADÉMICO,MIXTO,S,Sí,0,273
16.0,Estrato 2,Primaria completa,Secundaria (Bachillerato) incompleta,3 a 4,Dos,F,No,No,No,Si,OFICIAL,MAÑANA,URBANO,N,ACADÉMICO,MIXTO,S,No,0,165
17.0,Estrato 1,Primaria incompleta,Secundaria (Bachillerato) incompleta,5 a 6,Tres,M,Si,No,Si,Si,NO OFICIAL,MAÑANA,URBANO,N,ACADÉMICO,MIXTO,S,Sí,0,199
16.0,Estrato 1,Educación profesional completa,Secundaria (Bachillerato) completa,3 a 4,Tres,F,No,Si,No,Si,OFICIAL,MAÑANA,URBANO,N,TÉCNICO/ACADÉMICO,MIXTO,S,No,0,232
16.0,Estrato 2,,Secundaria (Bachillerato) completa,3 a 4,Tres,F,Si,Si,No,Si,OFICIAL,TARDE,URBANO,N,TÉCNICO/ACADÉMICO,MIXTO,N,No,0,289
17.0,Estrato 3,Primaria completa,Primaria incompleta,5 a 6,Dos,M,No,No,No,Si,OFICIAL,SABATINA,URBANO,N,TÉCNICO/ACADÉMICO,MIXTO,S,No,0,184
,Estrato 1,Primaria completa,Primaria completa,1 a 2,Uno,M,Si,No,No,No,NO OFICIAL,SABATINA,URBANO,N,TÉCNICO/ACADÉMICO,MIXTO,S,Sí,0,208
17.0,Estrato 1,Primaria completa,Secundaria (Bachillerato) completa,5 a 6,Tres,M,No,No,No,No,OFICIAL,UNICA,URBANO,N,ACADÉMICO,MIXTO,N,Sí,0,164
17.0,Estrato 2,Secundaria (Bachillerato) incompleta,Primaria completa,3 a 4,Dos,M,Si,Si,No,No,OFICIAL,UNICA,URBANO,,,MIXTO,S,Sí,0,282
16.0,,,,3 a 4,Dos,F,,No,No,No,OFICIAL,COMPLETA,RURAL,N,ACADÉMICO,MIXTO,S,No,0,276
16.0,Estrato 3,Educación profesional completa,,3 a 4,Dos,F,Si,Si,Si,Si,OFICIAL,COMPLETA,URBANO,N,TÉCNICO/ACADÉMICO,MIXTO,S,No,1,334
16.0,Estrato 3,Técnica o tecnológica completa,Educación profesional completa,3 a 4,Tres,F,Si,Si,No,Si,OFICIAL,UNICA,URBANO,N,TÉCNICO/ACADÉMICO,MIXTO,S,Sí,0,283
15.0,Estrato 4,Secundaria (Bachillerato) completa,Secundaria (Bachillerato) completa,5 a 6,Tres,F,Si,Si,No,Si,OFICIAL,UNICA,URBANO,N,TÉCNICO/ACADÉMICO,FEMENINO,S,Sí,0,236
20.0,Estrato 6,Técnica o tecnológica completa,Secundaria (Bachillerato) completa,3 a 4,Tres,M,No,No,No,Si,NO OFICIAL,SABATINA,URBANO,N,ACADÉMICO,MIXTO,S,Sí,0,274
18.0,Estrato 1,,Primaria incompleta,3 a 4,Dos,F,Si,No,No,Si,OFICIAL,COMPLETA,RURAL,N,ACADÉMICO,MIXTO,S,No,0,193
28.0,,,,3 a 4,Dos,F,,,,No,OFICIAL,SABATINA,URBANO,N,TÉCNICO/ACADÉMICO,MIXTO,S,No,0,154
17.0,Estrato 3,Secundaria (Bachillerato) completa,Secundaria (Bachillerato) completa,3 a 4,Dos,M,Si,Si,Si,Si,NO OFICIAL,COMPLETA,URBANO,N,ACADÉMICO,MIXTO,S,No,0,235
18.0,Estrato 2,Secundaria (Bachillerato) incompleta,Secundaria (Bachillerato) incompleta,5 a 6,Tres,F,Si,Si,No,Si,OFICIAL,TARDE,URBANO,N,TÉCNICO/ACADÉMICO,MIXTO,S,Sí,0,265
16.0,Estrato 2,Secundaria (Bachillerato) completa,Secundaria (Bachillerato) completa,3 a 4,Tres,F,Si,Si,No,Si,OFICIAL,UNICA,URBANO,N,TÉCNICO/ACADÉMICO,FEMENINO,S,Sí,0,249
18.0,Estrato 3,Técnica o tecnológica completa,Secundaria (Bachillerato) incompleta,3 a 4,Cuatro,M,Si,Si,No,Si,OFICIAL,UNICA,URBANO,N,TÉCNICO/ACADÉMICO,MIXTO,S,Sí,0,210
17.0,Estrato 2,,Secundaria (Bachillerato) completa,5 a 6,Tres,F,No,,,,OFICIAL,SABATINA,URBANO,N,ACADÉMICO,MIXTO,S,No,0,192
16.0,Estrato 2,Secundaria (Bachillerato) completa,Secundaria (Bachillerato) completa,3 a 4,Tres,F,Si,Si,No,Si,OFICIAL,UNICA,URBANO,N,TÉCNICO/ACADÉMICO,MIXTO,S,Sí,0,277
16.0,Estrato 3,Técnica o tecnológica incompleta,Secundaria (Bachillerato) incompleta,3 a 4,,F,Si,Si,Si,Si,OFICIAL,UNICA,URBANO,N,TÉCNICO/ACADÉMICO,MIXTO,S,Sí,0,232
15.0,Estrato 2,Primaria completa,Primaria incompleta,3 a 4,Dos,F,No,No,No,No,OFICIAL,COMPLETA,RURAL,,NO APLICA,MIXTO,N,No,0,221
16.0,Estrato 4,Técnica o tecnológica completa,Técnica o tecnológica completa,5 a 6,Cuatro,F,Si,Si,Si,No,NO OFICIAL,COMPLETA,URBANO,N,ACADÉMICO,MIXTO,S,Sí,1,332
16.0,Estrato 1,Primaria completa,Secundaria (Bachillerato) incompleta,3 a 4,Cuatro,F,No,No,No,No,OFICIAL,UNICA,URBANO,N,ACADÉMICO,MIXTO,S,No,0,265
17.0,Estrato 1,Primaria incompleta,,3 a 4,Dos,M,Si,No,No,Si,OFICIAL,COMPLETA,RURAL,N,ACADÉMICO,MIXTO,S,No,0,217
17.0,Estrato 5,Educación profesional completa,Educación profesional completa,3 a 4,Tres,M,Si,Si,No,Si,NO OFICIAL,COMPLETA,URBANO,S,ACADÉMICO,MASCULINO,S,Sí,1,367
17.0,Estrato 2,Secundaria (Bachillerato) completa,Secundaria (Bachillerato) completa,5 a 6,Tres,M,Si,Si,No,Si,OFICIAL,MAÑANA,URBANO,,ACADÉMICO,MIXTO,S,Sí,0,272
18.0,Estrato 3,Secundaria (Bachillerato) incompleta,Técnica o tecnológica completa,3 a 4,Dos,M,Si,No,No,Si,OFICIAL,SABATINA,URBANO,N,TÉCNICO/ACADÉMICO,MIXTO,S,Sí,0,233
16.0,Estrato 2,Secundaria (Bachillerato) completa,,7 a 8,Tres,F,Si,Si,No,Si,OFICIAL,MAÑANA,URBANO,N,TÉCNICO/ACADÉMICO,MIXTO,S,Sí,0,284
17.0,Estrato 1,Secundaria (Bachillerato) incompleta,Secundaria (Bachillerato) incompleta,9 o más,Cinco,F,Si,Si,No,Si,NO OFICIAL,MAÑANA,URBANO,N,ACADÉMICO,MIXTO,S,Sí,0,200
17.0,Estrato 2,Técnica o tecnológica completa,Primaria incompleta,1 a 2,Dos,F,No,No,No,Si,OFICIAL,COMPLETA,URBANO,N,TÉCNICO/ACADÉMICO,MIXTO,S,No,0,250
17.0,Estrato 3,Técnica o tecnológica completa,Educación profesional completa,3 a 4,Tres,F,Si,Si,No,Si,OFICIAL,UNICA,URBANO,,ACADÉMICO,MIXTO,S,Sí,0,287
16.0,Estrato 3,Secundaria (Bachillerato) completa,Educación profesional incompleta,3 a 4,Tres,M,Si,Si,No,Si,NO OFICIAL,COMPLETA,URBANO,N,ACADÉMICO,MIXTO,S,Sí,1,351
16.0,Estrato 2,Técnica o tecnológica completa,Educación profesional completa,3 a 4,Tres,F,Si,Si,No,Si,OFICIAL,UNICA,URBANO,N,TÉCNICO/ACADÉMICO,MIXTO,S,Sí,0,233
16.0,Estrato 3,Educación profesional completa,Educación profesional completa,3 a 4,Dos,M,Si,Si,No,Si,OFICIAL,UNICA,URBANO,N,ACADÉMICO,MIXTO,S,Sí,1,308
17.0,Estrato 2,Primaria incompleta,Primaria incompleta,7 a 8,Cuatro,F,Si,Si,Si,Si,OFICIAL,MAÑANA,URBANO,,ACADÉMICO,MIXTO,S,Sí,0,278
16.0,Estrato 2,Secundaria (Bachillerato) incompleta,Secundaria (Bachillerato) incompleta,3 a 4,Cinco,F,Si,Si,No,Si,NO OFICIAL,COMPLETA,URBANO,N,ACADÉMICO,FEMENINO,S,Sí,0,241
18.0,Estrato 2,Secundaria (Bachillerato) completa,Primaria incompleta,3 a 4,Uno,F,Si,Si,No,No,OFICIAL,UNICA,URBANO,N,TÉCNICO/ACADÉMICO,FEMENINO,S,Sí,0,277
16.0,Estrato 2,Secundaria (Bachillerato) incompleta,,5 a 6,Tres,F,Si,Si,No,No,OFICIAL,UNICA,URBANO,N,TÉCNICO/ACADÉMICO,MIXTO,S,Sí,0,266
17.0,Estrato 1,Secundaria (Bachillerato) completa,Secundaria (Bachillerato) completa,3 a 4,Tres,M,Si,Si,No,Si,OFICIAL,MAÑANA,URBANO,N,ACADÉMICO,MIXTO,S,Sí,0,218
16.0,Estrato 2,Educación profesional completa,Técnica o tecnológica completa,3 a 4,Tres,M,Si,Si,No,Si,OFICIAL,MAÑANA,URBANO,N,ACADÉMICO,MIXTO,S,Sí,0,233
17.0,Estrato 1,Primaria completa,Primaria incompleta,7 a 8,Seis o mas,M,No,No,No,Si,OFICIAL,COMPLETA,RURAL,N,ACADÉMICO,MIXTO,N,No,0,240
18.0,Estrato 5,Postgrado,Postgrado,1 a 2,Dos,M,Si,Si,Si,Si,NO OFICIAL,COMPLETA,URBANO,N,ACADÉMICO,MIXTO,S,Sí,1,403
16.0,Estrato 1,Primaria incompleta,Primaria incompleta,7 a 8,Tres,F,No,No,No,Si,OFICIAL,MAÑANA,RURAL,N,ACADÉMICO,MIXTO,S,No,0,205
17.0,Estrato 1,Secundaria (Bachillerato) incompleta,,5 a 6,Dos,F,No,No,No,Si,OFICIAL,COMPLETA,RURAL,N,TÉCNICO/ACADÉMICO,MIXTO,S,No,0,268
18.0,Estrato 2,Técnica o tecnológica completa,Técnica o tecnológica completa,3 a 4,Tres,M,Si,Si,No,Si,OFICIAL,COMPLETA,RURAL,N,TÉCNICO/ACADÉMICO,MIXTO,S,No,0,238
17.0,Estrato 4,Educación profesional incompleta,Secundaria (Bachillerato) completa,3 a 4,Tres,M,Si,Si,Si,Si,NO OFICIAL,COMPLETA,URBANO,N,ACADÉMICO,MIXTO,S,Sí,0,284
18.0,Estrato 5,Secundaria (Bachillerato) completa,Secundaria (Bachillerato) completa,3 a 4,Dos,M,Si,Si,Si,Si,OFICIAL,NOCHE,URBANO,N,TÉCNICO/ACADÉMICO,MIXTO,S,Sí,0,175
18.0,Estrato 1,Secundaria (Bachillerato) incompleta,Primaria incompleta,3 a 4,Tres,M,No,No,No,Si,OFICIAL,COMPLETA,RURAL,N,TÉCNICO/ACADÉMICO,MIXTO,S,No,1,307
16.0,Estrato 4,Primaria incompleta,Primaria incompleta,1 a 2,Dos,F,No,No,No,Si,OFICIAL,TARDE,URBANO,N,TÉCNICO/ACADÉMICO,MIXTO,S,No,0,198
16.0,Estrato 3,Secundaria (Bachillerato) incompleta,Primaria incompleta,1 a 2,Uno,M,Si,Si,No,Si,OFICIAL,UNICA,URBANO,N,ACADÉMICO,MIXTO,S,Sí,1,340
18.0,Estrato 2,Técnica o tecnológica incompleta,Secundaria (Bachillerato) completa,3 a 4,Tres,F,No,Si,No,Si,OFICIAL,UNICA,URBANO,,,MIXTO,S,Sí,0,212
17.0,Estrato 3,Secundaria (Bachillerato) completa,Secundaria (Bachillerato) completa,3 a 4,Tres,M,Si,Si,No,Si,OFICIAL,UNICA,RURAL,,,MIXTO,S,Sí,0,299
17.0,Estrato 1,Técnica o tecnológica incompleta,Técnica o tecnológica completa,3 a 4,Dos,F,Si,Si,Si,Si,OFICIAL,MAÑANA,URBANO,,TÉCNICO/ACADÉMICO,MIXTO,S,No,1,302
16.0,Estrato 4,Educación profesional completa,Secundaria (Bachillerato) incompleta,3 a 4,Dos,F,Si,Si,Si,Si,NO OFICIAL,COMPLETA,URBANO,N,ACADÉMICO,MIXTO,S,No,1,302
16.0,Estrato 1,Secundaria (Bachillerato) incompleta,Primaria incompleta,5 a 6,Tres,F,Si,Si,No,Si,OFICIAL,MAÑANA,RURAL,N,ACADÉMICO,MIXTO,S,No,1,309
17.0,Estrato 3,Técnica o tecnológica completa,,3 a 4,Tres,M,Si,Si,No,Si,OFICIAL,UNICA,URBANO,,ACADÉMICO,MIXTO,S,Sí,0,298
16.0,Estrato 3,Postgrado,Secundaria (Bachillerato) completa,5 a 6,Cinco,F,Si,Si,Si,Si,NO OFICIAL,MAÑANA,URBANO,N,ACADÉMICO,MIXTO,S,Sí,1,320
16.0,Estrato 2,Secundaria (Bachillerato) completa,Secundaria (Bachillerato) completa,,,M,Si,,,,OFICIAL,MAÑANA,URBANO,N,ACADÉMICO,MIXTO,S,No,1,324
17.0,Estrato 1,Primaria incompleta,Primaria incompleta,3 a 4,Dos,F,No,,No,Si,OFICIAL,MAÑANA,URBANO,N,ACADÉMICO,MIXTO,S,No,0,197
19.0,Estrato 3,Secundaria (Bachillerato) incompleta,,1 a 2,Dos,M,Si,Si,No,Si,OFICIAL,MAÑANA,URBANO,,TÉCNICO/ACADÉMICO,MIXTO,S,Sí,0,258
17.0,Estrato 1,Primaria completa,Primaria incompleta,3 a 4,Dos,M,Si,No,No,Si,OFICIAL,MAÑANA,URBANO,N,ACADÉMICO,MIXTO,S,No,0,223
19.0,Estrato 2,Secundaria (Bachillerato) incompleta,Secundaria (Bachillerato) incompleta,5 a 6,Tres,F,Si,Si,Si,Si,OFICIAL,SABATINA,URBANO,N,ACADÉMICO,MIXTO,S,Sí,0,202
17.0,Estrato 2,Primaria incompleta,Secundaria (Bachillerato) incompleta,5 a 6,Cuatro,F,No,No,No,Si,OFICIAL,COMPLETA,URBANO,N,TÉCNICO/ACADÉMICO,MIXTO,S,No,0,195
18.0,Estrato 4,Primaria incompleta,Primaria incompleta,1 a 2,Dos,M,Si,No,Si,Si,OFICIAL,NOCHE,URBANO,N,TÉCNICO/ACADÉMICO,MIXTO,S,No,0,202
15.0,Sin Estrato,Secundaria (Bachillerato) completa,Educación profesional incompleta,3 a 4,Tres,M,No,Si,No,Si,OFICIAL,COMPLETA,RURAL,N,TÉCNICO,MIXTO,S,No,0,270
16.0,Estrato 2,Educación profesional completa,Secundaria (Bachillerato) incompleta,3 a 4,Dos,F,Si,Si,Si,Si,OFICIAL,MAÑANA,URBANO,N,TÉCNICO/ACADÉMICO,MIXTO,S,Sí,0,257
16.0,Estrato 3,Postgrado,Educación profesional completa,3 a 4,Tres,M,Si,Si,Si,Si,OFICIAL,UNICA,URBANO,,ACADÉMICO,MIXTO,S,Sí,0,172
16.0,Estrato 1,Secundaria (Bachillerato) incompleta,Primaria incompleta,3 a 4,Cuatro,F,Si,No,No,Si,OFICIAL,COMPLETA,RURAL,,NO APLICA,MIXTO,S,No,0,263
18.0,Estrato 2,Primaria incompleta,Primaria incompleta,3 a 4,Tres,F,Si,Si,No,Si,OFICIAL,COMPLETA,URBANO,N,ACADÉMICO,MIXTO,S,No,0,263
26.0,Estrato 1,Ninguno,Ninguno,5 a 6,Tres,M,No,No,No,Si,OFICIAL,NOCHE,URBANO,N,ACADÉMICO,MIXTO,S,No,0,199
17.0,Estrato 2,Secundaria (Bachillerato) incompleta,Primaria incompleta,3 a 4,Uno,M,Si,No,No,No,OFICIAL,COMPLETA,RURAL,N,ACADÉMICO,MIXTO,N,No,0,199
16.0,Estrato 2,Secundaria (Bachillerato) completa,Secundaria (Bachillerato) completa,3 a 4,Dos,F,Si,Si,No,Si,OFICIAL,TARDE,URBANO,N,ACADÉMICO,MIXTO,S,Sí,0,255
18.0,Sin Estrato,Primaria completa,Primaria completa,3 a 4,Tres,F,No,No,No,Si,OFICIAL,COMPLETA,RURAL,N,ACADÉMICO,MIXTO,S,No,0,213
19.0,Estrato 2,Secundaria (Bachillerato) completa,Primaria incompleta,5 a 6,Cinco,M,No,No,No,Si,OFICIAL,COMPLETA,URBANO,N,TÉCNICO/ACADÉMICO,MIXTO,S,No,0,253
17.0,Estrato 1,Primaria completa,Primaria incompleta,1 a 2,Dos,F,Si,Si,No,No,OFICIAL,TARDE,RURAL,N,ACADÉMICO,MIXTO,S,No,0,224
16.0,Estrato 4,Educación profesional completa,Educación profesional completa,5 a 6,Cuatro,F,Si,Si,No,Si,OFICIAL,COMPLETA,RURAL,N,ACADÉMICO,MIXTO,S,No,1,349
17.0,Estrato 5,Postgrado,Secundaria (Bachillerato) completa,1 a 2,Tres,F,Si,Si,No,Si,NO OFICIAL,MAÑANA,URBANO,N,ACADÉMICO,MIXTO,S,Sí,0,292
23.0,Estrato 2,Ninguno,Primaria incompleta,3 a 4,Dos,M,No,No,No,No,NO OFICIAL,SABATINA,URBANO,,,MIXTO,S,Sí,0,203
15.0,Sin Estrato,Primaria incompleta,Ninguno,5 a 6,Dos,M,No,No,No,No,OFICIAL,NOCHE,URBANO,N,ACADÉMICO,MIXTO,S,No,0,212
18.0,Estrato 3,Secundaria (Bachillerato) completa,Secundaria (Bachillerato) incompleta,3 a 4,Tres,F,Si,Si,No,Si,OFICIAL,UNICA,URBANO,N,TÉCNICO/ACADÉMICO,MIXTO,S,Sí,0,258
16.0,,,,1 a 2,Dos,F,,Si,No,Si,OFICIAL,UNICA,URBANO,N,TÉCNICO/ACADÉMICO,MIXTO,S,Sí,0,231
16.0,Estrato 3,Secundaria (Bachillerato) completa,Primaria incompleta,3 a 4,Tres,F,Si,No,Si,Si,OFICIAL,MAÑANA,URBANO,N,TÉCNICO/ACADÉMICO,MIXTO,S,No,1,307
18.0,Estrato 2,Secundaria (Bachillerato) completa,Técnica o tecnológica completa,1 a 2,Dos,M,Si,Si,No,Si,OFICIAL,MAÑANA,URBANO,N,TÉCNICO/ACADÉMICO,MIXTO,S,Sí,0,223
16.0,Estrato 2,Primaria completa,Secundaria (Bachillerato) incompleta,5 a 6,Tres,F,Si,Si,Si,No,OFICIAL,UNICA,URBANO,N,TÉCNICO/ACADÉMICO,MIXTO,S,Sí,0,276
16.0,Estrato 2,Primaria completa,Primaria incompleta,1 a 2,Uno,F,No,No,No,Si,OFICIAL,MAÑANA,URBANO,N,TÉCNICO/ACADÉMICO,MIXTO,S,No,0,197
17.0,Estrato 2,Secundaria (Bachillerato) incompleta,Secundaria (Bachillerato) completa,3 a 4,Cuatro,F,No,No,No,Si,OFICIAL,COMPLETA,URBANO,N,ACADÉMICO,MIXTO,S,No,0,207
18.0,Estrato 2,Primaria incompleta,Primaria incompleta,5 a 6,Dos,F,No,No,No,Si,OFICIAL,SABATINA,RURAL,N,TÉCNICO/ACADÉMICO,MIXTO,S,No,0,209
20.0,Estrato 2,Primaria incompleta,Primaria incompleta,7 a 8,Tres,F,Si,No,No,No,OFICIAL,SABATINA,URBANO,N,TÉCNICO/ACADÉMICO,MIXTO,S,No,0,187
17.0,,,,3 a 4,Dos,F,,No,No,No,OFICIAL,MAÑANA,URBANO,N,ACADÉMICO,MIXTO,S,No,0,233
16.0,Estrato 2,Primaria completa,Primaria completa,3 a 4,Dos,M,No,No,No,Si,OFICIAL,COMPLETA,RURAL,N,TÉCNICO/ACADÉMICO,MIXTO,N,No,0,253
17.0,Estrato 3,Secundaria (Bachillerato) completa,Secundaria (Bachillerato) incompleta,1 a 2,Uno,F,Si,No,No,Si,NO OFICIAL,SABATINA,URBANO,N,TÉCNICO/ACADÉMICO,MIXTO,S,Sí,0,232
17.0,Estrato 6,Educación profesional completa,,1 a 2,Dos,M,Si,Si,Si,Si,NO OFICIAL,COMPLETA,URBANO,N,ACADÉMICO,MIXTO,S,Sí,1,362
17.0,Estrato 2,Primaria incompleta,Primaria incompleta,5 a 6,Tres,F,Si,Si,No,Si,OFICIAL,COMPLETA,RURAL,,NO APLICA,MIXTO,N,No,0,198
26.0,Estrato 1,Secundaria (Bachillerato) completa,Primaria incompleta,1 a 2,Uno,F,No,No,No,No,NO OFICIAL,SABATINA,URBANO,N,ACADÉMICO,MIXTO,S,Sí,0,178
17.0,,,,,,F,,,,,OFICIAL,COMPLETA,RURAL,,,MIXTO,S,No,0,216
17.0,Estrato 2,Primaria completa,Primaria incompleta,5 a 6,Dos,M,Si,No,No,Si,OFICIAL,COMPLETA,URBANO,N,TÉCNICO/ACADÉMICO,MIXTO,S,No,0,287
16.0,Estrato 1,Primaria completa,Secundaria (Bachillerato) completa,5 a 6,Tres,M,Si,Si,No,No,OFICIAL,MAÑANA,URBANO,,ACADÉMICO,MIXTO,S,Sí,1,343
18.0,Estrato 2,Ninguno,Primaria incompleta,1 a 2,Dos,M,No,No,No,No,OFICIAL,COMPLETA,RURAL,N,TÉCNICO/ACADÉMICO,MIXTO,N,No,0,207
16.0,Estrato 5,Educación profesional incompleta,Secundaria (Bachillerato) completa,3 a 4,Tres,F,Si,Si,Si,Si,NO OFICIAL,COMPLETA,URBANO,N,ACADÉMICO,FEMENINO,S,Sí,0,281
16.0,Estrato 3,Primaria completa,Primaria incompleta,3 a 4,Tres,M,Si,Si,No,Si,OFICIAL,UNICA,URBANO,N,ACADÉMICO,MIXTO,S,Sí,0,202
16.0,Estrato 3,Educación profesional completa,Secundaria (Bachillerato) completa,5 a 6,Tres,F,Si,Si,Si,Si,NO OFICIAL,COMPLETA,URBANO,,NO APLICA,MIXTO,S,Sí,1,373
16.0,Estrato 2,,Secundaria (Bachillerato) completa,3 a 4,Dos,M,Si,No,No,Si,OFICIAL,MAÑANA,URBANO,N,TÉCNICO/ACADÉMICO,MIXTO,S,Sí,0,275
16.0,Estrato 4,Postgrado,Secundaria (Bachillerato) incompleta,3 a 4,Dos,M,Si,Si,Si,Si,NO OFICIAL,COMPLETA,URBANO,N,ACADÉMICO,MIXTO,S,No,1,313
16.0,Estrato 3,Secundaria (Bachillerato) incompleta,Secundaria (Bachillerato) completa,1 a 2,Uno,F,Si,Si,Si,Si,OFICIAL,SABATINA,URBANO,N,ACADÉMICO,MIXTO,S,Sí,0,181
22.0,Estrato 1,Primaria completa,Primaria incompleta,5 a 6,Tres,M,Si,No,No,Si,NO OFICIAL,SABATINA,URBANO,,TÉCNICO/ACADÉMICO,MIXTO,S,Sí,0,150
16.0,Estrato 4,Técnica o tecnológica completa,Educación profesional completa,3 a 4,Tres,M,Si,Si,No,Si,NO OFICIAL,COMPLETA,URBANO,N,ACADÉMICO,MIXTO,S,Sí,0,281
17.0,Estrato 2,Primaria completa,Primaria completa,1 a 2,Dos,F,Si,No,No,Si,OFICIAL,MAÑANA,URBANO,N,TÉCNICO/ACADÉMICO,MIXTO,S,No,0,260
17.0,Estrato 3,Educación profesional incompleta,Educación profesional completa,3 a 4,Tres,F,Si,Si,Si,Si,OFICIAL,UNICA,URBANO,N,TÉCNICO/ACADÉMICO,MIXTO,S,Sí,1,308
17.0,Estrato 4,Secundaria (Bachillerato) completa,Secundaria (Bachillerato) completa,7 a 8,Cinco,F,Si,Si,Si,Si,OFICIAL,UNICA,URBANO,N,ACADÉMICO,MIXTO,S,Sí,0,213
18.0,Estrato 3,Técnica o tecnológica completa,Técnica o tecnológica completa,3 a 4,Tres,M,Si,Si,Si,Si,OFICIAL,MAÑANA,URBANO,N,TÉCNICO/ACADÉMICO,MIXTO,S,No,0,218
18.0,Estrato 3,Educación profesional completa,Primaria completa,3 a 4,Dos,M,Si,Si,No,Si,OFICIAL,MAÑANA,URBANO,N,TÉCNICO/ACADÉMICO,MIXTO,S,No,0,272
17.0,Estrato 2,Secundaria (Bachillerato) incompleta,Secundaria (Bachillerato) incompleta,5 a 6,Dos,F,No,No,No,Si,OFICIAL,MAÑANA,URBANO,,NO APLICA,MIXTO,N,Sí,0,266
17.0,Sin Estrato,Secundaria (Bachillerato) incompleta,Primaria incompleta,3 a 4,Dos,F,No,No,No,No,OFICIAL,TARDE,RURAL,,NO APLICA,MIXTO,S,No,0,182
19.0,Estrato 1,Secundaria (Bachillerato) completa,,1 a 2,Dos,F,Si,No,No,Si,OFICIAL,COMPLETA,URBANO,N,TÉCNICO/ACADÉMICO,MIXTO,S,No,0,205
18.0,Estrato 2,Secundaria (Bachillerato) completa,Ninguno,3 a 4,Tres,M,Si,Si,Si,Si,OFICIAL,MAÑANA,URBANO,N,TÉCNICO,MIXTO,S,Sí,0,161
23.0,Estrato 2,Secundaria (Bachillerato) completa,Primaria completa,5 a 6,Dos,M,Si,No,No,Si,NO OFICIAL,SABATINA,URBANO,N,TÉCNICO/ACADÉMICO,MIXTO,S,Sí,0,294
16.0,Estrato 3,Primaria completa,Secundaria (Bachillerato) incompleta,5 a 6,Tres,M,Si,Si,Si,Si,OFICIAL,UNICA,URBANO,N,ACADÉMICO,MIXTO,S,Sí,0,292
16.0,Estrato 2,Secundaria (Bachillerato) completa,Técnica o tecnológica completa,7 a 8,Tres,F,Si,Si,No,Si,OFICIAL,UNICA,URBANO,N,TÉCNICO/ACADÉMICO,MIXTO,S,Sí,0,227
17.0,Estrato 3,Educación profesional completa,Secundaria (Bachillerato) incompleta,5 a 6,Tres,F,Si,Si,Si,Si,NO OFICIAL,COMPLETA,URBANO,N,ACADÉMICO,MIXTO,S,Sí,1,314
18.0,Estrato 2,Ninguno,Ninguno,9 o más,Cuatro,F,Si,No,No,Si,OFICIAL,NOCHE,URBANO,N,TÉCNICO/ACADÉMICO,MIXTO,S,Sí,0,192
16.0,Estrato 3,Secundaria (Bachillerato) completa,Secundaria (Bachillerato) completa,5 a 6,Cuatro,F,Si,Si,No,Si,OFICIAL,UNICA,URBANO,N,TÉCNICO/ACADÉMICO,MIXTO,S,Sí,0,265
17.0,,,,5 a 6,Cinco,F,,Si,No,Si,OFICIAL,UNICA,URBANO,N,ACADÉMICO,MIXTO,S,Sí,0,253
19.0,Estrato 2,Técnica o tecnológica completa,Educación profesional completa,3 a 4,Dos,F,Si,Si,Si,Si,OFICIAL,TARDE,URBANO,N,ACADÉMICO,MIXTO,S,Sí,0,207
29.0,Estrato 2,Secundaria (Bachillerato) incompleta,Primaria incompleta,7 a 8,Tres,F,No,No,No,Si,OFICIAL,NOCHE,URBANO,N,TÉCNICO/ACADÉMICO,MIXTO,S,Sí,0,229
17.0,,Educación profesional completa,Técnica o tecnológica completa,3 a 4,Tres,M,Si,Si,No,Si,OFICIAL,MAÑANA,RURAL,N,TÉCNICO/ACADÉMICO,MIXTO,S,No,0,199
16.0,Estrato 3,Técnica o tecnológica completa,Educación profesional completa,3 a 4,Tres,F,Si,Si,Si,Si,OFICIAL,MAÑANA,URBANO,N,ACADÉMICO,MIXTO,S,Sí,0,277
16.0,Estrato 3,Secundaria (Bachillerato) incompleta,Secundaria (Bachillerato) completa,3 a 4,Tres,F,Si,Si,No,Si,NO OFICIAL,COMPLETA,URBANO,N,ACADÉMICO,MIXTO,S,Sí,0,294
17.0,Estrato 2,Secundaria (Bachillerato) completa,Primaria incompleta,1 a 2,Dos,F,Si,No,No,Si,OFICIAL,MAÑANA,URBANO,N,ACADÉMICO,MIXTO,S,No,0,204
16.0,Estrato 3,Primaria incompleta,Primaria incompleta,5 a 6,Cuatro,F,Si,Si,Si,Si,OFICIAL,COMPLETA,RURAL,N,ACADÉMICO,MIXTO,S,No,0,227
17.0,Estrato 2,Secundaria (Bachillerato) completa,Primaria completa,5 a 6,Cinco,M,No,No,No,Si,OFICIAL,COMPLETA,RURAL,N,ACADÉMICO,MIXTO,N,No,0,202
16.0,,,,5 a 6,Tres,M,,Si,No,No,OFICIAL,MAÑANA,URBANO,N,TÉCNICO/ACADÉMICO,MIXTO,S,No,0,171
18.0,Estrato 1,Secundaria (Bachillerato) incompleta,Primaria incompleta,5 a 6,Tres,F,No,No,No,No,OFICIAL,MAÑANA,RURAL,N,ACADÉMICO,MIXTO,S,No,0,218
16.0,Estrato 4,Postgrado,Postgrado,1 a 2,Dos,F,Si,Si,No,Si,NO OFICIAL,COMPLETA,URBANO,N,TÉCNICO,MIXTO,S,No,1,360
16.0,Estrato 1,Primaria incompleta,Primaria incompleta,3 a 4,Tres,M,No,Si,No,Si,NO OFICIAL,SABATINA,URBANO,,ACADÉMICO,MIXTO,S,No,0,275
19.0,Estrato 2,Primaria incompleta,,3 a 4,Dos,M,Si,No,No,Si,NO OFICIAL,SABATINA,URBANO,N,TÉCNICO/ACADÉMICO,MIXTO,S,Sí,0,210
16.0,Estrato 2,,,1 a 2,Dos,F,Si,Si,No,Si,NO OFICIAL,MAÑANA,URBANO,N,ACADÉMICO,MIXTO,S,Sí,0,219
17.0,Estrato 2,Primaria completa,Secundaria (Bachillerato) incompleta,3 a 4,Uno,F,Si,Si,No,Si,OFICIAL,UNICA,URBANO,N,TÉCNICO/ACADÉMICO,MIXTO,S,Sí,0,212
16.0,Estrato 1,Secundaria (Bachillerato) completa,Primaria incompleta,3 a 4,Dos,F,Si,No,No,No,OFICIAL,COMPLETA,URBANO,N,TÉCNICO/ACADÉMICO,MIXTO,S,No,0,263
16.0,Estrato 3,Educación profesional incompleta,Secundaria (Bachillerato) completa,5 a 6,Tres,M,Si,Si,Si,Si,NO OFICIAL,COMPLETA,URBANO,N,ACADÉMICO,MIXTO,S,No,1,331
18.0,Estrato 4,Educación profesional completa,Secundaria (Bachillerato) completa,5 a 6,Tres,F,Si,No,No,Si,OFICIAL,TARDE,URBANO,N,TÉCNICO/ACADÉMICO,MIXTO,S,No,0,164
16.0,Estrato 3,Secundaria (Bachillerato) completa,Secundaria (Bachillerato) completa,3 a 4,Tres,M,Si,Si,No,Si,OFICIAL,COMPLETA,URBANO,N,TÉCNICO,MIXTO,S,No,0,287
17.0,,,,3 a 4,Uno,M,,No,No,Si,OFICIAL,MAÑANA,URBANO,N,ACADÉMICO,MIXTO,S,No,0,183
18.0,Estrato 1,Secundaria (Bachillerato) incompleta,,5 a 6,Tres,F,Si,Si,No,Si,OFICIAL,UNICA,URBANO,,,MIXTO,S,Sí,0,248
17.0,Estrato 4,,,7 a 8,Cuatro,F,Si,Si,Si,Si,NO OFICIAL,MAÑANA,URBANO,N,ACADÉMICO,MIXTO,S,Sí,0,199
18.0,Estrato 2,Secundaria (Bachillerato) incompleta,Primaria incompleta,3 a 4,Dos,M,Si,Si,No,No,OFICIAL,NOCHE,URBANO,N,TÉCNICO/ACADÉMICO,MIXTO,S,No,0,224
18.0,Estrato 2,,,3 a 4,Dos,M,No,No,No,Si,NO OFICIAL,MAÑANA,URBANO,N,ACADÉMICO,MIXTO,S,Sí,0,240
18.0,Estrato 2,Secundaria (Bachillerato) completa,Primaria completa,5 a 6,Dos,F,Si,Si,No,Si,OFICIAL,MAÑANA,URBANO,N,ACADÉMICO,MIXTO,S,Sí,0,175
16.0,Estrato 2,Técnica o tecnológica completa,Secundaria (Bachillerato) completa,3 a 4,Dos,M,Si,Si,No,No,NO OFICIAL,MAÑANA,URBANO,N,ACADÉMICO,MIXTO,S,Sí,1,372
18.0,Estrato 3,Técnica o tecnológica completa,,3 a 4,Tres,M,Si,Si,Si,Si,NO OFICIAL,MAÑANA,URBANO,N,ACADÉMICO,MIXTO,S,Sí,0,232
17.0,Estrato 1,Primaria completa,Primaria completa,1 a 2,Uno,F,No,No,No,Si,OFICIAL,COMPLETA,RURAL,N,ACADÉMICO,MIXTO,S,No,0,205
17.0,Estrato 2,Primaria incompleta,Primaria incompleta,5 a 6,Dos,M,No,No,No,Si,OFICIAL,COMPLETA,RURAL,,NO APLICA,MIXTO,S,No,0,209
17.0,Sin Estrato,Primaria incompleta,Primaria incompleta,7 a 8,Cuatro,M,No,No,No,Si,OFICIAL,MAÑANA,RURAL,N,TÉCNICO/ACADÉMICO,MIXTO,S,No,0,191
17.0,Estrato 2,Primaria completa,Primaria incompleta,3 a 4,Tres,M,Si,Si,No,No,OFICIAL,NOCHE,URBANO,N,ACADÉMICO,MIXTO,S,Sí,0,190
18.0,Estrato 1,Primaria incompleta,Primaria incompleta,3 a 4,Dos,M,No,No,No,No,OFICIAL,COMPLETA,RURAL,N,ACADÉMICO,MIXTO,N,No,0,199
17.0,Estrato 2,,,3 a 4,Tres,M,Si,Si,Si,Si,OFICIAL,MAÑANA,URBANO,N,TÉCNICO/ACADÉMICO,MIXTO,S,Sí,0,197
16.0,Estrato 3,Primaria incompleta,Primaria completa,3 a 4,Tres,F,Si,Si,Si,Si,OFICIAL,TARDE,URBANO,N,ACADÉMICO,MIXTO,S,No,0,250
17.0,Estrato 3,Técnica o tecnológica completa,Secundaria (Bachillerato) completa,3 a 4,Tres,F,Si,Si,No,Si,OFICIAL,UNICA,URBANO,N,ACADÉMICO,MIXTO,S,Sí,1,313
16.0,Estrato 2,Secundaria (Bachillerato) incompleta,,5 a 6,Cuatro,F,Si,No,No,Si,OFICIAL,MAÑANA,URBANO,N,ACADÉMICO,MIXTO,S,No,0,223
16.0,Estrato 2,Primaria completa,Primaria incompleta,3 a 4,Dos,F,Si,Si,No,No,OFICIAL,UNICA,URBANO,N,TÉCNICO/ACADÉMICO,MIXTO,S,No,1,324
17.0,,Secundaria (Bachillerato) incompleta,Primaria incompleta,1 a 2,Uno,F,No,No,No,Si,OFICIAL,MAÑANA,RURAL,N,ACADÉMICO,MIXTO,S,No,0,201
16.0,Estrato 4,Educación profesional completa,,3 a 4,Cinco,M,Si,Si,Si,Si,NO OFICIAL,MAÑANA,URBANO,N,ACADÉMICO,MIXTO,S,Sí,1,314
17.0,Estrato 3,Técnica o tecnológica completa,Educación profesional completa,5 a 6,Tres,F,Si,Si,No,Si,OFICIAL,TARDE,URBANO,N,TÉCNICO,MIXTO,S,No,0,293
17.0,Estrato 1,Primaria incompleta,Secundaria (Bachillerato) incompleta,7 a 8,Tres,M,No,No,No,Si,OFICIAL,NOCHE,URBANO,N,TÉCNICO/ACADÉMICO,MIXTO,S,No,0,188
16.0,Estrato 1,Secundaria (Bachillerato) completa,Secundaria (Bachillerato) completa,3 a 4,Dos,M,Si,Si,No,Si,OFICIAL,UNICA,URBANO,N,ACADÉMICO,MIXTO,S,Sí,0,253
16.0,Estrato 2,Técnica o tecnológica completa,Secundaria (Bachillerato) completa,3 a 4,Cinco,M,Si,Si,No,Si,OFICIAL,UNICA,URBANO,N,TÉCNICO/ACADÉMICO,MIXTO,S,Sí,0,248
17.0,,,,3 a 4,Tres,F,,No,No,Si,OFICIAL,UNICA,RURAL,N,TÉCNICO/ACADÉMICO,MIXTO,S,Sí,0,194
17.0,Estrato 3,Primaria incompleta,Secundaria (Bachillerato) incompleta,5 a 6,Tres,M,Si,Si,No,Si,OFICIAL,MAÑANA,URBANO,N,TÉCNICO/ACADÉMICO,MIXTO,S,Sí,0,290
17.0,Estrato 3,Secundaria (Bachillerato) completa,,5 a 6,Cuatro,F,Si,Si,Si,Si,NO OFICIAL,COMPLETA,URBANO,N,ACADÉMICO,MIXTO,S,Sí,0,231
16.0,Estrato 2,Primaria incompleta,Secundaria (Bachillerato) incompleta,3 a 4,Dos,F,Si,Si,No,Si,OFICIAL,UNICA,URBANO,N,ACADÉMICO,MIXTO,S,Sí,0,283
17.0,Estrato 2,Secundaria (Bachillerato) completa,,3 a 4,Dos,F,No,Si,No,No,OFICIAL,MAÑANA,URBANO,N,ACADÉMICO,MIXTO,S,Sí,0,254
19.0,Estrato 2,Primaria completa,Primaria completa,3 a 4,Cuatro,M,Si,No,No,No,OFICIAL,SABATINA,RURAL,,NO APLICA,MIXTO,N,No,0,162
17.0,Estrato 2,Secundaria (Bachillerato) completa,Primaria completa,5 a 6,Cinco,F,Si,No,No,Si,OFICIAL,UNICA,URBANO,N,TÉCNICO/ACADÉMICO,MIXTO,S,Sí,0,260
19.0,Estrato 2,Secundaria (Bachillerato) incompleta,Secundaria (Bachillerato) completa,5 a 6,Tres,F,Si,Si,Si,Si,OFICIAL,UNICA,RURAL,N,TÉCNICO/ACADÉMICO,MIXTO,S,Sí,0,195
19.0,Estrato 2,,,3 a 4,Tres,F,Si,No,No,No,OFICIAL,UNICA,URBANO,N,TÉCNICO/ACADÉMICO,MIXTO,S,Sí,0,165
16.0,Estrato 1,Secundaria (Bachillerato) completa,Primaria completa,3 a 4,Dos,M,Si,No,Si,Si,OFICIAL,MAÑANA,RURAL,N,ACADÉMICO,MIXTO,S,No,0,214
25.0,Estrato 1,Educación profesional incompleta,,3 a 4,Dos,F,No,No,No,Si,OFICIAL,SABATINA,URBANO,N,ACADÉMICO,MIXTO,S,No,0,211
21.0,Sin Estrato,,,5 a 6,Dos,M,Si,No,No,No,NO OFICIAL,SABATINA,URBANO,N,TÉCNICO/ACADÉMICO,MIXTO,S,Sí,0,221
17.0,Estrato 1,,Primaria incompleta,7 a 8,Tres,M,No,No,No,Si,OFICIAL,COMPLETA,RURAL,N,ACADÉMICO,MIXTO,S,No,0,204
16.0,Estrato 2,Primaria incompleta,Secundaria (Bachillerato) incompleta,5 a 6,Tres,M,Si,No,No,Si,OFICIAL,COMPLETA,RURAL,,NO APLICA,MIXTO,S,No,0,267
16.0,Estrato 1,Primaria completa,Primaria incompleta,5 a 6,Tres,M,Si,No,No,No,OFICIAL,MAÑANA,URBANO,N,TÉCNICO/ACADÉMICO,MIXTO,S,No,0,227
18.0,Estrato 2,Secundaria (Bachillerato) completa,Secundaria (Bachillerato) incompleta,5 a 6,Tres,F,Si,No,No,Si,NO OFICIAL,TARDE,URBANO,N,TÉCNICO/ACADÉMICO,MIXTO,S,Sí,0,202
16.0,Estrato 1,Primaria completa,Primaria incompleta,3 a 4,Uno,F,No,No,No,Si,OFICIAL,MAÑANA,URBANO,N,ACADÉMICO,MIXTO,S,No,0,188
16.0,Estrato 5,Postgrado,Postgrado,3 a 4,Tres,F,Si,Si,Si,Si,NO OFICIAL,COMPLETA,URBANO,N,ACADÉMICO,MIXTO,S,Sí,1,314
16.0,Estrato 2,Técnica o tecnológica completa,Técnica o tecnológica completa,3 a 4,Tres,M,Si,Si,No,Si,NO OFICIAL,COMPLETA,URBANO,N,TÉCNICO,MIXTO,S,Sí,0,292
20.0,Estrato 3,Secundaria (Bachillerato) incompleta,Secundaria (Bachillerato) completa,3 a 4,Dos,M,Si,No,No,Si,NO OFICIAL,SABATINA,URBANO,N,ACADÉMICO,MIXTO,S,Sí,0,287
19.0,Estrato 3,Primaria completa,Primaria completa,3 a 4,Tres,M,Si,No,No,Si,OFICIAL,SABATINA,URBANO,N,TÉCNICO/ACADÉMICO,MIXTO,S,No,0,208
17.0,,,,,,M,,,,,NO OFICIAL,COMPLETA,URBANO,,ACADÉMICO,MIXTO,S,Sí,0,252
